"Baths","Beds","Area","Fireplaces","Sale_Price","Garage_Cars","Year_Built"
1,3,1656,2,215000,2,1960
1,2,896,0,105000,1,1961
2,3,1329,0,172000,1,1958
3,3,2110,2,244000,2,1968
3,3,1629,1,189900,2,1997
3,3,1604,1,195500,2,1998
2,2,1338,0,213500,2,2001
2,2,1280,0,191500,2,1992
2,2,1616,1,236500,2,1995
3,3,1804,1,189000,2,1999
3,3,1655,1,175900,2,1993
2,3,1187,0,185000,2,1992
3,3,1465,1,180400,2,1998
2,2,1341,1,171500,2,1990
2,1,1502,0,212000,2,1985
4,4,3279,1,538000,3,2003
2,4,1752,0,164000,2,1988
2,1,1856,1,394432,3,2010
1,2,864,0,141000,2,1951
2,3,2073,2,210000,2,1978
2,3,1844,1,190000,2,1977
2,3,1173,2,170000,2,1974
3,3,1674,0,216000,2,2000
1,2,1004,1,149000,2,1970
2,3,1078,1,149900,2,1971
1,3,1056,1,142000,1,1968
1,2,882,0,126000,2,1970
1,3,864,1,115000,0,1971
2,2,1337,1,184000,2,1999
2,2,987,0,96000,1,1971
2,3,1092,0,105500,1,1971
2,3,1092,0,88000,1,1971
2,2,1069,1,127500,2,1977
3,3,1456,1,149900,2,1975
1,2,836,0,120000,1,1975
3,3,1456,1,146000,2,1978
3,3,2334,1,376162,3,2009
2,3,1704,1,306000,3,2007
3,3,1940,1,395192,3,2009
2,3,1544,0,290941,3,2009
2,3,1541,1,220000,2,2005
2,3,1698,1,275000,3,2005
2,3,1822,1,259000,3,2005
2,3,1535,0,214000,2,2004
3,2,2364,2,611657,3,2009
2,2,1358,1,224000,2,2009
3,3,2696,2,500000,3,2003
3,3,2250,1,320000,3,2002
2,2,1752,1,319900,2,2005
2,2,1370,1,205000,2,2006
3,2,1626,0,175500,2,2003
2,3,1324,0,199500,2,2005
2,2,1145,0,160000,2,2006
2,2,1269,1,192000,2,2004
3,3,1374,1,184500,2,2004
3,4,1960,2,216500,2,2002
3,3,1733,1,185088,2,2004
3,3,1430,1,180000,2,2000
3,3,2035,1,222500,2,2001
3,4,2599,1,333168,3,1999
3,4,2475,1,355000,3,1998
2,3,1720,1,260400,2,1996
3,3,2622,2,325000,2,1994
3,4,2270,1,290000,3,1999
3,4,1839,0,221000,2,1998
3,4,3238,1,410000,3,1995
2,2,1595,1,221500,3,2005
2,2,1218,0,204500,2,2009
3,3,1547,0,215200,2,2009
2,3,1566,0,262500,2,2008
3,3,1947,1,254900,2,2004
2,2,1468,1,271500,2,2005
3,4,2084,0,233000,2,2004
3,3,1659,0,181000,2,2004
3,3,2110,2,205000,2,1994
2,2,923,1,143000,1,1980
3,3,1845,1,189000,2,1992
2,2,918,1,99500,1,1979
1,2,752,0,125000,1,1984
3,3,1744,0,194500,2,1993
2,3,1097,0,152000,2,1984
3,3,1564,1,171000,2,1980
1,2,1012,0,67500,1,1920
2,4,1902,0,112000,2,1978
1,3,1155,0,148000,2,1961
1,3,894,1,138500,1,1965
1,3,900,0,122000,1,1967
2,3,1040,0,133000,1,1963
2,3,1040,0,127000,1,1962
2,3,1494,2,169000,2,1974
3,3,1923,1,190000,2,1992
3,4,2349,1,362500,3,1993
3,4,2225,1,285000,3,1992
2,2,1488,1,260000,2,2004
3,2,1680,0,190000,2,2004
3,2,1200,0,155000,2,2004
3,2,1200,0,151000,2,2004
3,2,1200,0,149500,2,2004
3,2,1236,0,152000,2,2005
3,2,1478,1,222000,2,2009
3,3,1573,0,177500,2,2000
3,2,1512,0,177000,2,2000
3,3,1416,0,155000,2,1999
3,2,1080,0,147110,2,2003
2,1,1418,1,267916,3,2010
3,3,1848,1,254000,2,2000
1,1,788,1,155000,2,1980
1,1,1226,1,206000,2,1978
3,3,1479,0,130500,2,1976
2,3,1492,1,230000,2,2002
2,4,1829,0,218500,2,1967
3,4,2495,1,243500,2,1993
2,3,1610,2,205000,2,1977
3,3,1891,1,212500,2,1978
3,3,1714,1,196500,2,1988
2,3,1381,1,197500,2,1972
3,4,1645,0,171000,2,1971
2,3,1232,0,142250,2,1966
2,3,1328,2,143000,2,1963
2,3,1225,0,128950,0,1959
1,3,1209,0,159000,2,1966
2,3,1510,0,178900,2,1967
2,3,1775,0,136300,2,1964
1,3,1152,1,180500,2,1964
1,3,1054,0,137500,2,1963
2,6,1728,0,84900,0,1962
1,2,1078,0,142125,1,1950
2,3,2461,2,197600,2,1952
2,3,1556,1,172500,2,1949
1,2,858,0,116500,0,1958
1,3,1306,0,76500,0,1940
1,3,1063,0,128000,1,1954
1,3,1520,2,153000,1,1955
1,2,1268,1,132000,1,1954
1,2,1128,1,178000,1,1966
2,5,2274,0,154300,2,1960
2,3,2207,1,180000,2,1970
3,2,1888,1,190000,2,1966
2,4,1604,0,135000,2,1958
2,3,1480,0,214000,2,2003
1,3,1143,0,136000,1,1959
2,4,1700,1,165500,2,1959
1,3,1314,0,145000,1,1957
1,3,1194,0,148000,1,1959
1,3,1188,0,142000,2,1959
1,3,1264,2,167500,2,1960
1,3,1206,0,108538,1,1959
2,3,1580,2,159500,2,1959
1,3,1337,0,108000,1,1956
1,2,1064,0,135000,1,1952
1,3,972,0,122500,1,1955
1,2,988,0,119000,1,1958
1,3,1057,0,109000,1,1953
1,2,985,0,105000,2,1920
1,2,827,1,107500,1,1955
1,3,1086,0,144900,2,1954
1,2,936,0,129000,1,1956
1,3,1458,1,97500,1,1948
0,0,1056,0,144000,2,1980
1,3,1287,1,162000,2,1959
3,5,2978,1,242000,2,1967
1,3,1224,0,132000,1,1948
2,3,1246,0,154000,1,1959
2,4,1385,0,166000,2,1952
1,3,900,0,134800,2,1951
2,3,1116,0,160000,2,1962
2,3,1175,0,148000,2,1960
1,2,1395,1,192000,2,1963
2,4,1839,1,155000,2,1966
1,3,1844,2,80400,1,1900
1,3,1140,0,96500,0,1910
1,2,936,1,109500,0,1920
1,2,1028,1,115000,2,1927
1,3,1347,0,143000,2,1957
2,3,1605,0,107400,1,1915
1,2,747,0,80000,1,1945
1,2,804,2,119000,1,1940
1,3,1316,0,130000,2,1929
1,3,1251,0,119000,1,1938
1,3,1633,1,129000,1,1948
1,3,1245,0,100000,1,1920
1,2,832,1,12789,2,1923
1,2,720,0,105900,2,1928
2,3,1566,0,150000,1,1900
2,4,1652,0,139000,1,1915
3,3,2268,0,240000,2,1890
2,4,2256,0,76500,0,1910
1,2,1236,0,149700,2,1957
1,3,1363,0,125500,2,1910
2,4,2290,0,122500,2,1885
2,2,1470,0,140750,2,1922
2,3,1612,0,128500,1,1950
2,3,2068,1,209500,1,1922
1,2,765,0,87000,1,1925
1,2,1132,0,134000,1,1939
2,3,1196,2,128000,2,1940
2,3,1453,2,132000,1,1942
2,3,1416,0,139900,1,1948
1,2,1040,0,123900,2,1936
2,4,1536,1,138400,2,1930
1,2,1068,1,109500,1,1923
2,3,1710,0,140000,2,1921
2,4,1962,1,149500,2,1915
2,3,1560,0,159900,0,1912
1,3,1324,0,122000,1,1920
1,2,816,0,110000,2,1963
2,3,1092,0,55000,0,1930
2,4,1812,1,140000,2,1900
2,4,2403,2,244400,1,1940
2,3,1675,2,173000,1,1959
2,3,1224,0,107500,1,1917
1,3,1392,0,100000,0,1915
1,3,919,0,95000,1,1940
2,4,1884,0,93369,0,1907
2,2,1680,1,114900,2,1910
1,2,1020,0,94000,0,1875
2,4,1832,0,136000,0,1967
2,4,1768,0,136500,0,1968
2,3,1039,0,131500,2,1965
2,3,1392,1,121500,2,1957
1,3,912,1,125000,1,1967
1,3,1060,1,154000,1,1968
1,3,892,0,137900,1,1966
2,4,1352,0,158000,1,1969
1,2,864,0,137250,1,1968
1,3,1373,2,160250,2,1978
2,4,1440,2,163000,2,1968
3,3,1386,1,158900,2,1978
3,3,2260,0,328000,2,1996
2,1,1483,2,270000,2,1977
1,2,756,0,85000,2,1927
2,2,1067,0,128000,2,1950
1,0,1524,1,260000,2,1979
3,4,1981,1,230000,2,1978
2,4,1610,1,124000,1,1938
1,2,835,0,83000,1,1920
1,3,1074,1,144500,1,1950
1,3,1144,0,129000,1,1956
1,3,1531,1,127000,1,1947
1,3,1172,0,128000,1,1954
2,3,1212,0,186000,2,2009
1,1,1508,2,308030,2,2009
2,3,1298,0,114000,2,1964
1,2,930,0,84900,1,1946
3,3,1732,1,178000,2,1985
2,1,1433,2,270000,2,1987
3,3,1802,1,218000,4,1993
3,3,1949,1,236000,2,1993
1,2,996,0,147000,2,1992
2,3,1694,0,245350,3,2008
2,2,1208,0,206000,2,2006
2,3,1226,0,198900,3,2009
2,2,1222,0,187000,2,2010
3,5,3222,2,320000,3,1990
2,3,1445,0,138500,2,1900
1,3,1052,0,155000,2,1971
1,2,965,0,159000,2,1996
3,3,1692,1,191000,2,1997
3,3,1682,0,200500,2,1998
2,3,1026,0,150000,1,1977
2,3,1392,0,161750,1,1977
1,3,894,0,128200,1,1976
1,3,876,0,127000,2,1972
3,3,1978,1,318000,3,2003
2,3,1601,1,272000,2,2001
3,3,1829,1,237000,2,2003
3,4,2098,1,240000,2,1997
2,3,1661,0,224900,2,1998
1,1,848,0,143750,2,2003
1,1,848,0,143000,2,2004
2,3,1668,1,232000,2,2003
2,3,1484,0,213000,2,2004
2,3,1414,0,185500,2,2004
1,2,640,0,84900,1,1945
1,3,992,0,155891,1,1954
2,4,1664,0,100000,0,1965
1,3,1196,0,144000,1,1968
1,2,1120,0,64000,2,1948
1,3,1096,1,125200,1,1975
1,3,1117,1,107000,2,1976
1,3,960,0,90000,0,1958
2,2,1121,0,140000,2,2003
2,3,1487,1,113000,1,1945
1,2,924,0,80000,1,1941
1,4,1526,1,144500,1,1957
2,2,1296,1,104000,1,1924
2,4,1647,0,128000,1,1915
1,2,864,0,58500,1,1914
2,3,1691,1,127000,1,1924
1,2,856,1,126000,2,1939
3,6,2650,0,160000,0,1967
1,3,1666,1,100000,0,1931
2,4,2447,1,169000,1,1919
2,4,2133,2,257500,1,1941
3,5,2177,0,215000,2,1950
2,4,2340,2,266500,1,1941
2,3,1902,2,335000,2,1959
3,3,1652,0,203135,2,1994
1,1,1034,1,185000,2,1989
2,2,1191,1,162500,2,1989
2,1,1801,2,289000,2,1959
1,3,1154,0,125500,1,1922
1,1,540,0,82000,1,1941
1,2,1107,0,110000,1,1921
1,2,1128,0,68400,2,1920
1,2,1178,0,102776,1,1900
1,2,1044,0,55993,2,1952
1,3,952,0,50138,1,1896
2,2,1646,1,246000,2,2004
3,3,1916,1,254900,3,1998
2,3,1285,1,190000,2,1977
2,3,1560,0,201000,2,2003
1,3,1034,0,169900,3,1976
3,5,2048,0,170000,2,1976
1,3,1687,2,160000,2,1948
2,3,1346,1,220000,3,2008
2,2,1214,0,179781,2,2009
3,3,1444,0,174000,2,2006
3,4,1968,1,269500,3,2009
3,4,1894,1,214900,2,2002
3,4,1908,0,202900,2,2002
2,3,2018,1,378500,3,2008
1,2,1264,1,169000,2,1965
2,3,1430,0,173500,2,2004
4,4,1824,0,139000,0,1971
2,3,1344,1,166500,2,1999
2,3,1092,0,83500,1,1973
1,2,945,1,119500,1,1973
2,3,1112,0,85000,1,1976
2,3,1092,0,76000,0,1970
1,1,630,0,75500,0,1972
2,3,1092,0,88250,0,1970
2,3,1092,0,85500,1,1972
1,3,874,0,130000,1,1971
1,3,1188,0,157900,1,1962
1,2,833,0,149900,2,1984
6,4,2432,0,159000,2,1985
2,3,1274,0,136000,2,1991
2,5,1479,0,161000,1,1969
3,3,1803,2,285000,2,1994
3,3,1797,1,231000,2,1993
1,2,882,0,124500,1,1956
2,4,1434,1,157000,2,1974
3,4,2704,3,345000,2,1972
3,3,1608,1,189500,2,1997
3,4,2283,1,270000,3,2003
3,3,1628,1,189000,2,1996
2,3,1746,2,377500,3,2006
3,3,1474,1,168500,2,1995
2,1,2522,1,375000,2,2004
2,2,1659,1,278000,2,2000
2,2,1478,0,240000,2,1998
2,2,1734,0,239500,2,1995
3,3,1382,1,177500,2,1998
3,3,1718,1,185000,2,1998
3,3,1636,1,191000,2,1998
3,3,1571,1,178000,2,1993
3,3,1470,1,185000,2,1993
3,3,1516,1,181316,2,1994
2,3,1190,1,166000,2,1993
3,3,1593,1,178000,2,1992
3,3,1481,1,174000,2,1994
2,3,1167,0,173000,2,1992
3,3,1983,1,225000,2,1999
2,3,1442,0,180500,2,1990
1,1,1360,1,187500,2,1984
2,1,2234,1,501837,3,2008
3,3,2046,1,372500,3,2008
2,3,1530,1,260000,2,2005
3,3,1934,1,185000,2,1977
3,4,2353,1,260000,2,1980
2,3,1586,1,181000,2,1979
2,3,1411,1,82500,2,1977
2,3,1602,1,215000,2,1977
3,4,2050,1,154000,2,1978
2,3,1671,1,200000,2,1978
3,4,2673,1,249000,2,1980
2,3,1472,2,187500,2,1980
2,3,1707,1,184000,2,1978
3,4,2524,1,278000,2,1981
2,3,1601,1,157000,2,1978
2,3,1370,1,152000,2,1976
3,4,1868,1,197500,2,1976
3,3,1884,1,240900,2,2003
3,3,1935,0,263435,2,2009
3,3,1874,1,220000,2,2000
3,3,1811,1,235000,2,2002
2,3,1621,2,213000,2,1975
2,3,1116,1,167900,2,1974
2,3,1193,1,158000,2,1975
2,3,1350,1,165000,2,1974
3,3,2119,1,158000,2,1972
4,4,1792,0,136000,0,1974
1,3,1002,0,148500,2,1970
1,3,1026,0,156000,2,1969
2,2,1180,0,128000,2,1970
2,3,1050,0,143000,1,1971
1,3,864,0,76500,2,1970
1,3,864,0,120500,2,1970
1,3,864,0,124500,2,1970
1,2,864,0,97000,2,1971
1,3,864,0,130000,2,1971
2,2,987,0,111000,1,1973
2,3,1365,0,125000,2,1970
3,3,1302,0,112000,1,1971
2,2,987,0,97000,1,1972
2,2,987,0,118000,1,1972
3,3,1302,0,119500,1,1972
2,2,958,0,143750,2,1976
3,3,1548,1,146000,2,1976
3,3,1456,1,148500,2,1976
2,2,1055,1,123000,2,1975
3,3,1322,1,147000,2,1974
3,3,1456,1,137900,2,1977
3,3,1548,1,147000,2,1978
3,3,1441,1,148500,2,1978
3,3,1456,1,138000,2,1978
1,2,836,0,128500,1,1976
1,3,892,0,100000,1,1967
1,3,1120,1,148800,2,1966
2,3,1718,1,337500,3,2006
4,4,2772,3,462000,3,2007
4,4,3140,2,485000,3,2008
2,2,2402,2,555000,3,2008
2,2,1652,2,325000,2,2006
2,3,1600,1,256300,3,2007
3,3,2042,1,253293,3,2008
3,3,2690,1,398800,3,2009
3,3,2184,1,335000,3,2008
2,3,2020,1,404000,3,2008
3,3,2020,1,402861,3,2009
3,3,2296,1,451950,3,2008
3,2,2674,2,610000,3,2007
4,4,2822,1,582933,3,2008
2,3,1736,1,360000,3,2008
2,3,1782,2,296000,3,2004
3,5,2520,1,409900,3,2007
2,3,1717,1,255500,3,2006
2,3,1743,1,335000,3,2008
2,3,1713,1,274900,3,2004
2,2,1531,1,300000,3,2006
2,3,1808,1,324000,3,2008
3,4,2224,1,350000,3,2004
2,3,1836,1,280000,3,2004
2,3,1629,1,284000,3,2003
2,3,1760,1,269500,2,2003
2,3,1502,0,233170,2,2009
2,3,2392,1,386250,3,2003
2,3,2452,1,445000,3,2003
4,4,2400,1,290000,3,2003
2,3,1606,1,255900,3,2006
2,2,1358,1,213000,2,2005
2,1,1306,1,196000,2,2005
2,1,1306,1,184500,2,2005
2,2,1358,1,212500,2,2007
2,2,1314,1,230000,2,2007
3,2,2492,1,552000,3,2004
3,3,2200,1,382500,3,2003
2,2,1884,1,320000,2,2008
2,2,1456,1,248500,2,2008
2,3,1712,1,286500,3,2002
2,2,1324,1,254000,2,2006
2,2,1405,1,173000,2,2003
2,2,1626,0,173000,2,2003
3,3,1456,1,184000,2,2005
3,3,1490,1,167800,2,2005
3,3,1484,1,174000,2,2005
3,3,1560,1,174000,2,2005
2,2,1555,1,174000,3,2007
2,1,1569,1,175900,3,2007
2,2,1555,1,192500,2,2005
2,1,1504,1,181000,2,2005
2,2,1220,1,180000,2,2005
2,2,1145,1,160200,2,2005
3,3,1432,1,188500,2,2004
3,4,2267,1,200000,2,2002
3,3,1374,1,170000,2,2004
3,3,1630,1,189500,2,2004
3,3,1419,1,184100,2,2002
3,3,1594,1,195500,2,2004
3,3,1489,1,192000,2,2003
3,3,1342,1,178000,2,2003
2,2,1314,1,207500,2,2007
3,4,2256,1,236000,2,2000
3,4,2004,1,257500,3,2002
3,3,2054,1,244000,2,2000
3,3,1374,0,167000,2,2004
3,3,1800,1,179000,2,2000
3,3,1514,1,190000,2,2000
3,3,1430,1,156000,2,1999
3,4,2312,1,245000,3,1999
3,3,1675,1,181000,2,1999
3,3,2060,1,214000,2,1999
3,3,1430,1,168000,2,1999
3,3,2365,1,337000,3,1999
3,4,2794,1,403000,3,1995
3,4,2687,2,327000,3,2000
3,3,2450,1,340000,3,1998
3,4,2612,1,336000,3,1998
3,3,2344,1,265000,3,1996
2,3,2063,2,315000,3,1994
3,4,2646,1,260000,3,1993
3,3,2061,1,260000,2,1995
3,3,2232,1,263550,2,1993
3,4,2448,1,402000,3,1994
3,3,1850,1,248000,2,1994
2,3,1468,1,244600,3,2008
2,3,1696,0,275000,3,2008
3,3,1658,1,257500,3,2008
2,3,1578,1,287090,3,2008
2,3,1702,1,275500,3,2007
2,3,1432,1,245000,2,2006
3,3,1971,1,253000,2,2005
2,2,2490,2,468000,3,2005
3,3,1852,1,252678,2,2009
3,3,1590,0,210000,2,2008
2,2,1218,0,208300,2,2009
2,3,1436,0,225000,2,2008
2,3,1314,0,229456,2,2009
2,3,1402,0,229800,2,2008
2,3,1530,1,250000,3,2007
3,2,1766,1,370878,3,2009
2,2,1448,1,238500,2,2006
3,3,2007,1,310000,3,2008
3,3,1795,1,270000,3,2006
3,3,1953,1,252000,3,2005
2,2,1550,0,241000,2,2006
2,3,1836,1,264500,2,2008
2,3,1662,1,291000,3,2006
3,4,2094,1,263000,2,2003
2,2,1221,0,185000,2,2004
2,3,1553,0,234500,2,2003
3,3,1653,0,209000,2,2003
2,3,1218,0,159000,2,2007
2,3,1141,0,152000,2,2006
2,3,1158,0,143500,0,2004
3,3,1812,0,193000,2,2004
2,3,1512,0,203000,3,2004
2,2,1200,0,184900,2,2003
2,3,1114,0,159000,2,2004
2,3,1114,0,142000,0,2004
2,3,1114,0,153000,2,2003
2,2,1450,0,224243,3,2008
3,4,2122,1,220000,2,1996
2,2,1844,1,257000,2,2005
2,3,1434,1,189000,2,2001
3,3,1730,0,171500,2,1992
2,3,1217,1,120000,1,1980
2,2,1332,0,145000,2,1990
3,3,1540,0,184000,2,1994
3,3,1400,0,162000,2,1986
2,4,1882,2,160000,2,1981
1,2,841,0,82000,1,1950
1,2,784,0,76000,2,1928
1,3,980,0,110000,2,1962
1,3,980,0,135000,2,1977
1,3,864,0,141000,2,1961
1,2,864,0,122000,1,1961
2,3,1020,0,124100,1,1965
1,3,912,0,129000,1,1963
1,3,1144,1,131400,1,1961
1,3,864,1,62383,1,1965
1,3,912,0,123000,1,1962
2,2,2014,2,275000,3,1980
3,3,1755,1,235000,2,1991
3,3,3005,1,280750,3,2004
3,2,1224,0,164500,2,2009
3,2,1224,0,173733,2,2009
3,2,1726,1,222000,2,2008
2,1,1256,1,195000,2,2008
3,3,1471,0,172500,2,1999
3,2,1512,0,180000,2,2000
3,3,1452,0,156000,2,1999
3,3,1739,0,172500,2,1999
2,2,1694,1,318750,2,1977
1,1,1226,2,211500,2,1981
2,2,1740,0,241600,2,1981
3,4,2499,1,180500,2,1976
2,3,1620,1,150000,2,1976
2,4,1556,0,154000,2,1968
2,2,1442,1,185000,2,1970
2,3,1489,1,185750,2,1968
3,3,2090,2,200000,2,1973
3,3,2067,2,206000,2,1974
2,3,1395,1,162000,2,1972
3,5,2640,1,256900,2,1967
2,3,1724,1,197900,2,1967
2,3,1336,1,163000,2,1969
1,3,1216,0,113000,1,1969
3,4,2288,2,230000,2,1977
2,2,1334,1,167900,2,1977
2,3,1680,1,213250,2,1998
3,3,1665,0,227000,2,2001
1,2,864,0,130000,1,1967
2,3,1568,0,143000,2,1967
1,2,925,0,117500,1,1965
3,4,2061,1,168500,2,1974
2,3,1320,1,172500,2,1971
2,3,1342,1,161500,2,1967
1,2,894,1,141500,2,1960
1,3,864,0,118000,1,1959
1,2,864,0,127500,1,1959
1,3,1362,1,140000,3,1957
2,3,1728,1,177625,2,1956
2,4,1776,0,110000,3,1958
2,3,1516,0,167000,2,1964
2,3,1313,1,153000,2,1961
2,3,1292,2,145100,2,1964
2,3,1154,1,154000,2,1966
3,4,2140,1,177500,2,1965
2,3,1445,1,158000,2,1964
1,3,1041,0,124500,1,1959
1,4,1576,1,174500,2,1961
1,2,960,0,122000,1,1955
1,2,708,0,82500,0,1940
1,3,1203,1,110000,1,1950
1,2,1505,1,149500,2,1953
1,2,1691,0,175000,2,1967
1,3,1644,2,167000,2,1953
1,2,1050,0,128900,1,1956
2,3,1668,0,140000,1,1950
1,3,1113,1,147000,1,1950
2,4,1584,0,124000,3,1967
2,3,1453,1,187500,2,1961
2,3,1394,2,159000,2,1963
2,2,1567,2,256000,2,1966
3,3,1986,3,205000,2,1965
3,4,2142,1,193500,1,1968
1,2,1392,2,110000,2,1968
2,4,1738,1,104900,1,1920
1,3,1144,0,150000,1,1956
2,3,1478,2,156500,2,1957
2,3,1329,2,176000,2,1960
2,3,988,0,149500,1,1959
2,3,1632,1,139000,1,1958
1,3,1215,0,155000,1,1958
1,3,1202,0,120000,1,1956
1,3,1382,0,153000,1,1955
1,3,1200,2,144000,1,1956
1,3,1382,1,176000,2,1962
1,3,1297,1,153000,2,1954
2,4,1866,0,135000,2,1958
1,3,1062,0,131000,1,1954
1,3,1319,0,123000,1,1953
1,2,1112,0,126000,2,1951
1,2,1005,1,115000,2,1955
1,2,1363,2,164900,1,1951
1,2,793,0,113000,1,1945
1,2,1031,0,145500,1,1952
2,2,1210,0,102900,1,1953
2,3,1699,0,95000,2,1900
2,3,1527,1,152500,2,1948
1,3,1200,0,129900,1,1950
1,2,972,1,132000,1,1948
1,2,792,0,99900,1,1958
3,3,1656,0,135000,1,1916
2,4,1352,0,149000,2,1939
1,2,1039,0,114000,1,1900
1,2,792,0,109500,1,1924
1,3,1078,0,125000,1,1925
2,3,2377,1,142900,2,1915
2,4,1690,0,156500,2,1910
1,2,599,0,59000,0,1940
1,2,1374,0,105000,1,1920
1,2,846,0,106000,2,1920
2,1,725,0,78500,1,1890
4,6,2544,0,190000,3,1969
2,3,1380,0,154000,1,1963
1,3,1040,1,163000,2,1967
4,6,2634,0,200000,4,1969
1,2,951,0,143500,2,1958
1,3,1105,0,135000,1,1957
1,2,1306,0,153000,1,1957
2,3,1478,2,157500,2,1960
1,2,1142,1,113500,1,1958
1,3,1268,1,133000,1,1949
2,2,1040,0,92900,2,1950
1,3,1133,0,128500,2,1950
2,2,1040,0,90000,2,1949
2,3,1904,0,138000,1,1950
1,3,1041,0,128000,1,1958
1,3,1339,0,139000,1,1958
1,2,732,0,118900,1,1952
1,3,1183,0,138000,1,1959
1,3,1148,0,132500,1,1959
2,4,1461,0,133500,1,1949
1,3,1495,0,135000,2,1948
2,4,1806,0,144750,2,1964
1,2,941,0,145000,2,1978
1,3,1045,1,127000,1,1963
1,2,894,0,109500,1,1962
1,3,1224,0,115000,1,1926
2,2,1230,0,110000,2,1910
1,3,1378,0,128900,1,1935
2,4,1944,0,103500,2,1910
2,3,1131,0,66500,1,1941
2,3,1306,0,130000,2,1910
2,3,1464,0,129000,0,1910
2,3,1558,1,150000,2,1939
2,4,2372,0,107500,1,1892
2,4,1701,0,94550,0,1920
2,4,1960,0,124500,2,1952
2,3,1389,2,135000,1,1946
1,3,1447,0,103000,0,1910
1,2,936,0,93000,2,1953
2,3,1328,0,129500,1,1950
2,3,1387,0,93000,1,1954
1,2,861,0,80000,2,1920
1,1,612,0,45000,1,1940
1,2,968,0,37900,0,1910
1,2,886,0,91300,1,1938
1,2,792,0,99500,1,1923
2,2,1452,0,113000,0,1920
2,3,1510,0,87500,2,1910
2,2,1284,0,110000,1,1947
2,2,2138,0,106000,2,1898
2,4,2640,1,265979,4,1880
2,3,2007,0,160000,1,1900
1,3,1288,1,119000,1,1917
2,4,1742,1,168000,2,1882
1,2,816,1,58500,0,1910
1,3,1482,0,143000,2,1920
1,2,1022,0,85000,1,1910
1,2,1869,0,124900,2,1890
1,3,1480,0,119000,1,1920
1,4,1521,0,146500,3,1910
1,2,720,0,34900,0,1920
1,2,797,0,44000,0,1900
2,3,1576,1,223500,2,1923
1,3,1432,1,149000,1,1923
3,3,1548,0,205000,2,1925
2,3,1654,1,137000,1,1930
1,2,952,1,121000,1,1916
1,3,1324,0,128000,1,1936
1,2,1176,0,134900,2,1937
1,3,1348,1,117000,1,1925
1,4,1412,1,132500,1,1939
1,3,1142,0,93000,1,1924
1,2,904,0,119000,1,1926
1,2,1301,0,100000,2,1924
2,3,1539,0,141500,2,1936
1,3,1573,0,133000,1,1935
1,1,800,1,60000,0,1936
1,2,875,0,105000,1,1931
1,2,995,0,115000,1,1925
2,3,1582,1,150000,1,1938
1,2,1072,0,126500,5,1925
2,5,2134,0,214500,2,1916
1,3,2019,0,167500,2,1910
2,3,1768,0,155000,2,1915
2,4,1826,1,155000,1,1915
2,3,1944,0,179900,1,1915
1,5,2229,0,104000,0,1912
2,4,2128,0,62500,0,1922
2,4,1930,0,149000,1,1927
1,2,1208,0,103000,2,1925
1,3,1427,0,123000,1,1915
3,6,1864,0,97500,0,1902
1,3,1666,0,135000,1,1927
1,1,892,0,70000,0,1923
2,3,1403,0,116000,1,1915
1,2,704,0,88750,1,1946
3,3,1200,0,179000,0,1987
3,3,1200,0,179000,0,1987
2,2,1152,0,159900,1,1978
1,1,904,0,61000,0,1922
2,3,1369,0,103600,1,1925
2,4,1112,0,63000,1,1934
2,3,1464,1,175000,2,1963
1,3,1121,0,139000,2,1963
3,3,1683,1,172500,2,1978
2,3,1052,1,113500,1,1967
1,3,899,0,130000,1,1967
1,3,1034,1,149900,2,1978
1,2,858,0,134900,2,1982
1,2,860,0,137000,2,1982
1,3,1092,1,139000,1,1962
2,4,1774,1,165000,1,1961
1,3,1138,1,148000,2,1960
2,4,2071,1,165000,1,1956
1,2,660,0,63900,0,1947
1,5,1788,2,161500,1,1957
1,1,1473,2,143000,1,1968
1,3,1229,0,135000,1,1956
1,1,861,0,82500,2,1940
1,2,1867,3,190000,1,1955
2,4,1733,1,139600,2,1955
1,2,1383,0,122000,2,1954
1,3,1689,1,127500,2,1956
1,2,1073,0,121500,1,1956
1,3,1276,0,60000,1,1958
2,3,1639,1,154400,1,1946
1,2,672,0,113000,1,1941
1,3,1089,1,125000,1,1954
1,3,845,0,84000,1,1957
2,2,1049,0,139500,1,1984
2,3,1716,1,131000,1,1949
1,2,1258,0,105000,1,1939
1,4,1510,1,108000,1,1940
2,1,1061,0,162000,2,1990
2,2,1338,1,156500,2,1983
2,1,2132,1,316600,2,1983
2,3,2196,1,271900,3,1990
3,3,1775,1,213000,2,1993
3,3,1879,1,239900,2,1993
3,3,2020,1,239500,2,1995
1,4,2016,1,131000,2,1880
2,4,1535,0,118964,2,1979
2,2,1224,2,153337,2,1979
2,6,2228,0,147983,2,1979
2,4,1535,0,118858,2,1979
2,4,1535,0,118858,2,1979
2,6,2240,0,142953,2,1979
2,2,1229,2,148325,2,1979
2,4,1513,0,113722,2,1979
6,6,2787,2,269500,4,2000
6,6,2787,2,269500,4,2000
6,6,2787,2,269500,4,2000
2,1,1680,1,323262,3,2009
2,3,1718,1,297000,3,2007
2,3,1630,1,295493,3,2008
2,3,1720,1,332000,3,2008
2,3,1468,1,239900,3,2008
3,3,1768,0,212000,2,2007
2,3,1838,2,272500,2,2007
2,2,1800,0,239000,2,2007
3,3,1604,1,220000,2,2006
2,2,1290,1,200000,2,2007
2,2,1254,0,221800,3,2008
2,2,1232,0,194500,2,2007
2,3,1498,1,237000,3,2005
3,3,1422,1,173000,2,2005
2,2,1644,1,275000,2,1989
3,3,1759,1,233500,2,1992
3,3,2126,0,185000,2,1967
1,3,1040,0,152000,2,1996
1,3,990,0,143000,1,1994
3,3,1764,0,231500,2,1997
3,3,1661,1,212000,2,1996
2,3,1463,0,207000,2,1998
2,3,1097,0,145000,2,1994
1,3,990,0,138000,2,1994
3,3,1779,0,197900,2,1998
2,3,1501,0,204000,2,1999
2,3,1431,0,192000,2,1999
3,3,1772,1,200000,2,1998
3,3,1660,0,195000,2,2002
2,3,1573,0,227000,2,2002
3,3,1840,0,230000,2,2001
2,3,1430,0,187100,2,2001
2,3,1444,0,203000,2,2002
2,3,1492,1,201000,2,2001
2,3,1040,0,124000,0,1978
1,3,907,0,140000,1,1978
1,2,914,0,134900,2,1979
2,3,1040,0,150500,2,1977
1,3,864,0,136500,1,1978
2,3,1268,0,143500,1,1977
1,3,864,1,133500,1,1972
1,2,894,0,123000,2,1972
1,2,768,0,133900,1,1972
1,2,768,0,133000,2,1972
2,3,1611,0,250000,3,2002
3,4,2184,1,254750,2,2003
2,3,1788,1,236500,2,2001
3,3,1872,1,261500,2,2001
3,3,2153,2,313000,3,2000
3,3,1725,0,198500,2,2002
3,3,1870,0,211000,2,2001
2,2,1513,1,220000,2,1999
2,3,1504,1,203000,2,1996
2,3,1828,1,279500,2,2002
2,3,1417,1,210000,2,1997
3,3,2034,0,219500,2,1997
3,2,1716,1,191000,2,1996
2,3,1212,0,178000,2,2001
2,3,1630,1,213000,2,2000
1,1,848,0,144000,2,2003
1,1,848,0,140000,2,2003
2,3,1602,1,293200,3,2007
3,3,1728,0,190000,2,2004
2,3,1500,0,190000,2,2004
3,3,1476,0,173500,2,2005
3,3,1396,1,170000,2,2007
2,2,1126,0,108000,2,1949
1,3,1486,0,167000,2,1964
1,2,816,1,100000,1,1938
3,4,1922,1,198500,2,2003
2,3,1426,0,159500,2,1977
1,3,1149,0,127000,1,1960
1,3,1125,1,125000,1,1976
2,3,1698,1,320000,3,2007
1,2,1072,0,145500,2,2005
1,2,698,0,118000,0,1947
1,3,876,0,85000,1,1959
1,3,1368,0,120000,1,1950
2,4,1529,0,98000,1,1945
1,2,864,0,99900,0,1922
1,2,944,0,82000,2,1952
2,6,1678,0,119900,0,1959
1,2,1560,1,103500,1,1956
1,3,960,0,112000,1,1956
1,3,1196,0,110000,2,1920
1,3,1298,2,122000,1,1941
2,3,1604,0,117000,2,1941
2,3,1268,2,160000,1,1938
1,3,1520,0,159434,1,1932
1,1,438,0,60000,1,1920
2,3,1489,1,139500,1,1940
3,5,3082,2,197000,2,1920
2,3,1242,1,105000,1,1935
2,4,1981,2,135000,2,1928
1,3,1232,1,147500,2,1916
3,3,1608,1,137450,1,1925
1,3,1135,0,155000,2,1936
2,3,1913,1,177000,2,1928
2,3,1477,1,145000,1,1928
1,3,1228,1,137000,1,1918
2,3,2080,2,234000,1,1926
2,2,1567,2,205000,2,1940
1,3,1494,2,177500,1,1942
2,2,1308,2,160000,1,1940
1,2,1273,0,155000,1,1960
1,2,964,0,163500,2,1921
2,3,1343,1,154900,1,1921
3,5,2480,2,205000,2,1940
1,2,1112,1,144800,1,1954
2,3,1564,1,174500,1,1941
2,3,1561,1,193000,2,1960
2,3,1523,1,158000,1,1949
1,3,1152,1,158500,1,1950
2,3,1906,2,224000,2,1954
1,2,1032,1,115000,2,1980
2,2,1229,1,137000,2,1980
2,2,1229,1,121000,2,1980
2,2,1229,1,124000,2,1980
3,3,1982,1,208000,2,1986
2,3,2365,2,315000,2,1971
2,3,1680,1,222000,2,1988
1,3,1344,0,147000,1,1920
2,5,2168,0,123000,2,1900
1,3,1192,0,78000,1,1920
1,2,1526,0,85000,0,1915
1,2,572,0,75000,1,1925
2,2,1648,1,230000,2,2007
1,1,810,0,57625,1,1910
3,3,2052,1,251000,3,2000
2,1,2149,1,239686,2,2003
2,3,1710,1,240000,2,2004
3,3,1961,1,215000,2,2001
1,2,926,1,156450,1,1977
2,2,1287,2,173000,2,1977
2,4,1734,0,126000,2,1977
2,3,1217,0,173000,2,1990
2,2,1595,0,152000,2,1991
1,3,1344,1,137500,2,1958
2,3,2036,2,375000,2,1965
2,2,1620,1,315500,3,2007
3,3,1692,0,224500,2,2009
2,3,2036,1,410000,3,2008
2,3,1641,0,316500,3,2008
2,3,1466,0,201000,3,2007
2,3,1412,1,175000,2,1988
3,3,2237,1,204000,2,1980
3,3,1479,1,213500,2,1987
2,2,1296,0,220000,2,2001
3,3,2014,0,170000,2,2003
2,2,1838,1,315000,3,2006
2,2,1978,1,425000,3,2007
1,3,1008,0,139500,1,1968
1,3,1771,1,115000,2,1960
2,2,1204,0,162000,2,1998
2,2,1224,0,165000,2,1999
1,2,988,0,91000,1,1973
1,3,874,0,130000,1,1968
1,1,630,0,86000,1,1970
2,3,1404,1,160000,2,1969
1,1,630,0,80000,1,1970
2,3,1344,1,97000,0,1970
2,3,1092,0,88000,1,1970
1,2,796,0,131900,1,1972
1,2,1091,0,131250,1,1993
1,1,1110,1,165500,2,1978
1,3,833,0,112000,0,1985
1,2,883,1,149000,2,1992
2,1,1362,0,143000,2,1993
2,3,1287,0,130000,2,1992
2,2,1567,2,196000,2,1977
2,4,1632,1,173000,2,1969
1,3,1414,1,176500,2,1958
3,4,2117,2,237500,2,1970
3,4,2112,2,206900,2,1969
3,3,1604,1,187500,2,1997
3,3,1470,1,165000,2,1995
3,3,1604,0,195500,2,1998
3,3,1638,2,192000,2,1998
3,3,1636,1,173000,2,1996
2,3,1384,0,177900,2,1996
3,3,1446,1,175000,2,1996
2,0,1593,1,286000,2,2001
2,1,1682,1,247900,2,1997
2,2,1337,1,180000,2,1993
2,2,1280,0,180000,2,1992
3,3,1604,1,181000,2,1997
3,3,1633,1,183000,2,1998
3,3,1658,1,188000,2,1995
3,3,1895,1,194500,2,1994
3,3,1709,0,185000,2,1991
2,2,1228,1,189000,2,1988
2,2,1337,1,188500,2,1989
4,5,2500,1,355000,3,2005
3,4,2504,1,325000,3,2005
2,2,1884,1,387000,3,2004
1,3,1474,2,115000,2,1952
2,2,1710,1,334000,2,2007
3,3,1488,1,133000,2,1950
3,3,2093,1,215000,2,1986
2,2,1688,1,226500,2,1988
2,3,1422,1,175500,2,1981
2,3,1260,0,181900,2,1983
2,3,2064,2,235000,2,1978
2,3,1782,1,220000,2,1979
3,4,2872,1,272000,2,1977
2,3,1211,1,161000,2,1976
2,3,1126,0,175000,2,1977
3,3,2044,1,185000,2,1980
2,3,1308,0,146900,2,1969
3,4,2840,2,292500,4,1978
2,3,1523,1,180000,2,1976
2,2,1444,1,159900,2,1976
3,4,1964,1,205000,2,1976
2,3,1178,1,157000,2,1973
3,4,2340,1,306000,3,1996
4,4,1792,0,133000,2,1974
2,3,1054,0,151000,2,1969
1,2,936,0,111900,1,1969
1,3,864,0,123000,2,1971
1,3,864,0,111250,2,1972
2,2,1337,0,181000,2,1998
2,2,987,0,103400,1,1973
2,2,987,0,100000,1,1973
2,2,987,0,100500,1,1972
2,2,987,0,106000,1,1970
2,2,987,0,85400,1,1971
2,2,987,0,89500,1,1971
3,3,1302,0,111750,1,1972
2,2,1069,0,140000,2,1977
3,4,1456,0,143000,2,1975
2,2,1055,0,148500,2,1977
1,3,892,0,110000,1,1966
2,2,1932,1,394617,3,2008
3,3,2332,1,426000,3,2007
2,2,2084,1,385000,3,2007
3,3,2713,1,446261,3,2008
2,3,1582,0,317500,3,2007
2,2,1710,1,372402,3,2007
3,4,2464,1,417500,3,2007
2,2,1950,1,383000,3,2007
3,4,2748,1,390000,3,2006
3,4,2790,1,460000,4,2005
3,3,2331,1,379000,3,2005
3,4,2088,1,250000,3,2007
3,4,2332,1,316000,3,2004
2,1,2470,2,615000,3,2003
3,3,2668,2,412500,3,2003
3,3,2046,1,284000,3,2003
2,2,1575,1,284000,3,2003
3,4,2649,1,421250,3,2001
3,4,2690,1,370000,3,2003
2,2,1866,1,336860,3,2008
2,1,1702,1,367294,3,2008
2,2,1367,1,192000,2,2005
2,1,1518,1,274000,2,2003
2,2,1684,1,266000,2,2005
2,2,1800,1,370967,3,2007
2,2,1342,1,234250,2,2006
2,2,1342,1,219500,2,2006
3,2,1626,0,155000,2,2003
3,2,1626,0,154000,2,2003
2,2,1358,1,207000,2,2004
2,2,1455,1,195000,3,2003
2,2,1576,1,219990,3,2004
2,2,1504,1,191000,2,2005
2,2,1266,1,159895,2,2007
2,2,1246,1,187687,2,2007
3,3,1515,1,179000,2,2004
3,3,1593,1,193000,2,2004
2,2,1166,0,190000,2,2005
3,3,1456,0,176000,2,2005
3,3,1720,1,188000,2,2002
3,4,1986,1,213000,2,2003
2,2,1358,1,217300,2,2007
3,3,1792,1,186500,2,2000
3,3,1892,1,226750,2,2000
3,3,1490,1,184000,2,2004
3,3,1414,1,176000,2,2002
3,4,2322,1,225000,2,1999
3,3,1651,1,185900,2,1999
3,3,2199,1,284500,2,1997
3,4,2630,1,315000,3,1998
3,4,2198,1,250000,3,2000
3,4,2172,1,291000,3,2000
2,2,2006,1,350000,3,1998
3,4,2125,2,279500,2,1996
3,4,2501,1,290000,3,1995
3,2,2113,1,350000,3,1995
3,3,2418,1,341000,3,1993
3,4,2197,1,287500,3,1993
3,3,2127,2,271000,2,1994
2,2,1987,1,301500,2,1994
2,3,1580,0,235128,3,2007
3,4,1933,1,214000,3,2007
2,3,1574,1,232000,3,2006
2,3,1578,1,240000,3,2006
2,2,1506,1,264132,2,2008
2,3,1563,1,245000,3,2007
2,3,1428,0,227680,2,2008
3,3,1861,1,257000,3,2007
3,3,1874,1,297900,3,2007
2,3,1460,1,247000,2,2006
2,3,1372,0,212700,2,2007
2,3,1372,0,250580,2,2007
2,3,1428,0,182000,2,2007
3,3,1768,0,226700,2,2005
3,3,1992,1,250000,2,2003
3,3,1958,1,250000,3,2005
3,3,2078,1,339750,3,2007
3,3,1665,0,205950,2,2007
2,3,1660,1,256000,3,2007
2,2,1218,0,230348,2,2007
3,3,1728,0,207500,2,2003
1,3,1080,0,141000,0,2004
3,3,1696,0,188000,2,2003
3,3,1663,0,192500,2,2003
1,3,1175,0,146000,0,2005
2,3,1114,0,159000,2,2004
1,3,1114,0,155000,2,2003
3,3,1640,0,173000,2,2004
2,3,1162,0,170000,2,2007
3,3,1609,0,182000,2,1995
3,3,1680,0,163000,2,1993
2,3,1679,1,193500,2,1994
3,3,1657,0,189000,2,1994
3,3,1677,0,190500,2,2001
3,3,1737,0,175000,2,1992
2,3,1294,0,179200,2,1991
3,3,1710,0,187000,2,1993
2,2,1617,1,193000,2,1993
2,2,1199,0,153900,2,1993
1,3,984,1,128000,1,1963
1,2,912,0,144000,1,1962
1,3,864,1,135000,1,1961
1,3,890,0,115000,1,1968
1,3,864,0,119916,1,1963
1,3,912,0,142000,1,1961
2,3,1430,2,192000,2,1974
2,4,1641,1,140000,2,1972
3,4,2683,2,290000,2,1990
3,4,2786,1,372500,2,1993
2,2,1391,0,196000,2,2004
3,2,1250,0,171900,2,2006
2,1,1245,0,178000,2,2004
3,2,1200,0,165000,2,2005
2,2,1392,0,146000,2,2007
2,2,1392,0,146000,2,2007
3,3,1501,0,179400,2,1999
3,3,1549,0,172900,2,1999
2,2,1638,1,300000,2,2000
2,1,1310,1,285000,2,2001
2,2,1419,1,290000,2,2001
2,2,1557,1,305000,2,1999
2,2,1709,1,328900,2,1999
3,2,1252,0,160000,2,1999
3,3,1404,0,170000,2,1999
3,3,1789,1,223000,2,2001
3,3,1586,0,170000,2,1999
3,3,1607,0,200000,2,1999
3,2,2393,1,345000,2,1998
2,1,1288,2,245500,2,1996
2,1,1239,1,217500,2,1995
2,1,1719,2,324000,2,1993
2,3,1232,0,162500,2,1984
4,3,2944,1,150000,3,1977
3,3,1671,1,290000,2,1976
3,3,1812,1,205000,2,2002
2,3,1682,1,174000,2,1970
2,4,1427,0,183000,2,1969
2,4,1740,1,150000,2,1968
2,3,1258,0,145000,2,1971
2,4,1620,1,215000,2,1967
2,4,1625,0,140500,2,1965
3,4,2614,1,240000,2,1974
2,4,1464,0,141000,2,1968
1,2,912,0,147000,2,1965
1,3,925,0,135000,2,1965
2,6,1728,0,145000,2,1965
2,6,1728,0,142600,2,1965
2,4,1656,0,135000,2,1973
2,4,1670,0,170000,2,1971
4,4,2715,2,299800,2,1976
3,4,1876,1,185000,2,1974
2,4,1632,0,173000,2,1966
1,3,999,0,178400,2,1961
3,4,1978,1,176000,2,1968
1,2,1014,0,98000,1,1956
1,3,907,0,109008,1,1957
1,2,952,0,135750,1,1956
2,3,1128,0,155000,2,1963
2,3,1425,1,180500,2,1964
2,3,1165,0,174900,2,1966
1,3,1136,1,140000,1,1965
1,3,1092,0,145000,2,1964
2,3,1265,1,179900,2,1965
2,3,1350,0,168500,2,1964
1,3,1114,0,140000,2,1961
2,3,1053,0,145500,1,1959
1,3,1252,0,142000,2,1959
1,3,1100,1,141000,1,1960
1,3,1118,0,153000,1,1960
1,2,720,0,72500,1,1949
1,2,729,0,52000,0,1935
1,2,1077,2,118000,1,1939
1,2,906,0,87000,1,1937
2,3,1496,0,141500,2,1960
1,3,1252,0,119000,1,1950
1,3,1337,1,141500,1,1950
1,3,1661,1,165500,1,1955
1,3,1036,0,112900,1,1953
3,4,1820,2,201800,2,1965
2,3,1362,1,163000,2,1961
1,3,1144,0,139950,2,1961
2,3,1537,1,174000,2,1962
1,3,1431,1,165000,1,1962
3,4,1988,1,227000,2,1966
1,3,1098,0,135000,1,1955
2,3,1144,0,124000,1,1963
1,3,1283,0,140000,2,1962
1,3,1176,2,136500,1,1957
2,2,1440,0,185000,1,1959
1,3,1261,1,163000,2,1958
1,3,1570,1,166800,2,1958
1,2,1196,1,139000,1,1956
2,3,1392,2,166000,2,1957
1,3,1080,0,136000,1,1958
1,3,1104,0,133000,1,1956
1,2,882,0,116000,1,1952
2,3,1152,0,137500,2,1953
1,2,950,0,130000,2,1953
2,3,1790,2,180000,2,1957
1,2,952,0,139000,2,1951
1,2,773,0,110000,1,1953
3,4,1764,1,100000,1,1957
1,2,1216,0,118500,1,1947
2,5,1824,0,146000,2,1957
1,1,869,0,89900,1,1948
1,3,1159,0,114000,1,1925
2,3,1558,1,140000,1,1945
1,2,672,0,86900,1,1940
1,3,1436,1,139000,4,1922
2,3,1294,0,106250,0,1900
2,4,1716,1,171000,2,1962
2,3,1044,1,139000,2,1968
2,3,1312,1,186000,2,1958
2,2,1253,1,157000,1,1960
1,3,1081,0,148000,1,1960
2,4,2069,1,242000,2,1960
1,3,910,0,116000,2,1953
1,2,876,1,94000,2,1951
1,3,1048,0,98300,2,1950
2,4,1507,0,127000,1,1960
2,3,1256,0,159000,1,1959
1,3,1027,0,125900,1,1962
2,3,1269,1,155000,1,1960
2,3,1320,0,138000,2,1948
1,2,984,0,112500,1,1954
1,2,832,0,105500,2,1954
1,4,1278,0,127500,1,1954
2,6,1800,0,130000,0,1961
2,3,1588,0,150000,2,1955
1,2,825,0,109500,1,1954
2,4,1796,1,140000,2,1963
2,4,1611,0,167900,2,1964
1,3,1117,0,136870,1,1963
1,3,1133,0,143000,1,2008
1,2,764,0,73000,2,1925
2,3,1539,1,157500,2,1904
1,3,1323,0,122600,2,1948
1,2,1360,0,111000,1,1910
2,5,2792,2,256000,2,1920
1,2,672,0,64000,1,1940
2,4,1456,0,139500,1,1915
2,3,1594,0,118000,0,1910
3,3,2082,0,200000,2,2003
2,2,1656,0,119164,2,1940
1,2,1740,1,122250,1,1920
1,2,1027,1,120000,0,1920
2,3,1436,2,155000,2,1940
1,2,899,0,78000,1,1910
1,3,1080,0,95000,0,1890
1,2,789,0,115000,1,1948
1,2,1122,0,147000,2,1948
1,3,1499,1,140000,3,1946
1,1,407,0,46500,1,1946
1,3,928,0,112500,1,1957
1,2,901,0,107900,1,1954
2,5,1588,0,65000,0,1949
3,3,3493,1,295000,3,1880
2,4,1627,0,139500,2,1900
2,4,1416,1,153900,3,1915
1,3,1450,0,132000,1,1920
1,4,1344,0,98000,3,1916
1,2,1017,0,114000,1,1900
2,4,2350,0,130000,2,1920
2,3,2058,1,129500,2,1917
2,3,1540,0,129400,0,1905
2,3,1378,1,161000,2,1928
2,3,1912,1,163000,2,1905
2,3,1484,1,128000,0,1914
2,4,2358,0,122000,0,1872
1,2,1111,1,116900,1,1926
4,3,2775,1,325000,2,1893
1,2,1086,0,55000,2,1920
2,5,2495,1,184000,2,1890
1,2,984,0,110000,1,1959
2,4,1795,0,131500,1,1954
1,2,882,0,97000,1,1956
1,2,1093,0,115500,1,1958
1,2,1143,1,138000,1,1928
2,3,1668,0,108000,1,1945
1,2,935,0,79500,1,1930
2,3,1738,1,153000,1,1935
1,2,784,0,109500,0,1924
1,3,1210,0,124000,1,1941
2,3,1290,0,106900,1,1900
2,3,1672,1,164900,1,1940
1,2,949,1,119000,2,1924
1,3,1158,1,120000,1,1929
2,3,1497,0,157000,1,1937
2,2,1342,1,105000,1,1939
1,3,1013,0,113000,1,1926
1,3,1216,1,115000,1,1920
1,2,896,0,79000,1,1946
1,2,1136,0,123000,1,1929
1,1,808,0,81300,1,1945
2,3,1573,1,162900,2,1930
2,4,2009,1,150000,2,1939
2,4,1902,0,123500,2,1923
2,2,1774,2,129900,2,1931
2,3,1362,0,128000,2,1920
1,1,520,0,68500,1,1927
1,2,1285,0,127000,1,1948
2,4,1848,1,207000,2,1923
2,4,1820,0,184000,1,1925
2,4,1716,0,162500,2,1915
1,3,1505,0,145000,1,1940
1,2,838,0,130000,1,1918
2,5,1984,0,160000,1,1910
1,3,1666,1,161000,1,1925
1,3,1609,0,127500,1,1910
1,1,768,0,93850,2,1930
2,4,1536,0,136000,1,1952
2,4,1969,1,141000,2,1938
2,2,1308,0,120000,2,1915
1,2,1040,0,127500,2,1925
2,3,1236,1,127000,1,1925
1,3,1406,0,89500,0,1920
1,2,825,0,125000,2,1955
1,4,1198,0,79900,0,1920
1,1,759,0,85000,2,1912
2,3,1344,0,82375,0,1915
1,3,1469,0,135000,1,1906
1,3,1054,0,124000,1,1947
1,3,1211,1,134000,1,1968
2,4,1271,1,135000,1,1948
2,4,1588,1,134432,2,1959
2,4,1355,0,127500,0,1940
1,3,1075,0,148000,2,1963
1,3,1040,0,129500,1,1965
1,3,1096,1,157500,2,1978
1,3,904,0,109900,1,1966
1,3,992,0,145000,1,1967
1,3,894,0,130000,2,1967
1,3,1034,1,153000,2,1978
1,3,1073,0,120000,1,1967
1,2,1126,0,152000,2,1984
2,0,1258,0,108959,2,1969
1,3,1140,0,95541,2,1920
1,3,1006,0,80000,0,1959
2,3,1228,0,149350,1,1966
1,3,960,0,144900,1,1963
1,1,1188,1,185000,2,1956
1,3,1383,1,165000,1,1954
1,1,1252,1,235000,2,1960
1,3,1601,0,140000,1,1958
1,2,672,0,108000,1,1940
2,3,1721,2,145000,2,1960
2,2,1350,0,152400,3,1941
1,3,904,0,144000,3,1970
1,2,1291,1,173000,2,1996
3,4,2022,1,192000,2,1977
2,3,1524,2,245000,2,1979
1,2,1363,2,241500,2,1954
1,2,1663,2,256000,2,1954
1,2,1357,1,177000,1,1959
1,2,1079,1,125600,1,1948
1,3,1094,2,155000,2,1953
3,5,2358,1,240000,2,1908
1,2,1518,2,260000,0,1940
2,4,1674,1,185000,2,1918
2,4,2108,2,235000,2,1935
1,3,1509,1,159900,1,1956
1,2,864,0,99600,0,1975
2,3,1269,0,134500,1,1962
1,4,1367,0,119000,1,1900
1,3,1347,0,107500,0,1910
1,3,1164,0,125000,1,1950
1,2,1096,0,79000,0,1924
1,3,1111,0,95000,1,1941
3,4,2329,1,262280,2,1990
3,4,2814,1,260000,2,1995
3,3,1626,1,226500,2,1994
3,4,2200,1,225000,2,1993
3,3,2037,1,229000,2,1996
3,3,1356,1,177439,2,2007
2,3,1615,1,248500,3,2007
2,3,2276,2,475000,3,2008
3,3,1766,2,395039,3,2008
3,3,2097,1,228000,3,1993
2,3,1511,1,225000,3,1995
2,2,1643,1,195000,2,1966
3,4,1688,0,200000,2,1997
1,3,990,0,155000,2,1994
2,3,1099,0,144000,1,1995
1,3,990,0,145000,2,1994
2,3,1418,1,226001,2,1997
3,3,1771,0,215700,2,1997
3,3,1652,0,207500,2,2000
3,3,1790,0,193000,2,1999
3,3,1724,0,188000,2,1998
2,3,1479,0,191000,2,1999
2,3,1494,1,221000,2,2002
3,3,1792,1,231500,2,2001
3,3,1823,0,235000,2,2000
3,3,1786,1,223500,2,2001
1,3,938,0,130250,1,1975
2,3,985,0,149900,1,1977
1,3,1174,0,158000,2,1978
1,3,1026,0,147000,2,1978
2,3,1076,1,143195,2,1975
2,2,1558,0,163000,2,1975
1,3,924,0,110000,1,1975
1,3,864,0,127000,1,1972
1,2,780,0,124900,1,1972
2,3,1795,1,230000,2,2002
3,3,2031,1,237000,2,2002
3,3,1865,1,235000,3,2000
3,3,2161,1,230500,2,2001
3,3,1852,2,230000,3,1999
3,3,2031,1,222500,2,1998
3,3,2263,1,287000,2,2001
3,3,1947,1,274000,3,2001
2,3,1786,1,300000,3,2002
3,4,2290,1,255900,2,2002
3,3,1768,0,224900,2,2003
3,4,2327,1,240000,2,2003
3,3,1640,0,183000,2,2003
3,3,1764,1,207000,2,1999
3,4,1908,1,210000,2,1994
1,1,848,0,136500,2,2003
1,1,848,0,145000,2,2004
2,3,1493,1,208900,2,1997
2,2,1838,0,185000,3,1997
2,3,1536,0,214000,2,2002
3,3,1710,0,208500,2,2003
2,3,1445,0,186500,2,2004
2,3,1436,0,210000,2,2004
3,3,1582,0,185900,2,2004
2,3,1234,0,179900,2,2007
2,3,1564,0,218836,3,2007
2,3,1361,0,193000,2,2007
3,3,1456,1,189000,2,2005
1,1,848,1,149300,2,2004
1,1,848,1,141000,2,2004
1,1,848,1,149000,2,2004
1,1,848,1,144500,2,2004
1,2,796,0,85000,0,1910
4,4,2200,0,145900,0,1900
1,3,1092,0,123000,1,1966
2,3,1256,0,147500,1,1965
1,3,1033,0,165000,2,1976
2,3,1127,1,135000,2,1976
1,3,996,1,108000,0,1940
2,3,1181,0,137500,2,1972
3,3,1656,1,165400,2,2003
1,3,1117,1,147000,2,1977
2,3,1398,1,160500,2,1976
2,2,1132,0,176000,2,2005
4,5,3820,2,284700,2,1959
3,3,5642,3,160000,2,2008
1,2,1072,0,148000,2,2005
2,2,1152,0,82000,0,1955
2,2,1152,0,82000,0,1955
2,4,1440,0,118000,0,1955
2,2,1152,0,82500,0,1955
1,2,784,0,91900,0,1955
2,2,1053,0,120000,0,1938
2,4,1137,0,96000,0,1947
1,2,930,0,99000,1,1953
1,3,1200,0,130500,1,1946
2,4,1470,0,135000,1,1954
2,3,1393,0,135500,1,1955
1,3,1204,0,100000,1,1954
2,3,1292,0,108000,1,1923
1,2,864,0,98000,0,1925
1,2,864,0,67000,0,1914
2,6,1716,0,135900,0,1912
2,4,1482,0,140000,1,1925
3,4,2192,1,179500,1,1939
2,4,1694,1,136500,2,1925
2,2,1424,1,168000,1,1921
2,4,1964,0,130000,0,1911
4,4,2601,0,189000,2,1921
4,4,1920,2,161900,2,1930
1,2,1316,1,145000,1,1926
2,3,2555,1,191000,2,1922
2,4,1680,0,177000,1,1915
1,3,1264,0,147500,2,1914
1,2,790,0,91000,1,1930
2,3,1512,1,231000,1,1925
1,3,1639,0,115000,1,1936
1,4,1603,1,138000,2,1923
2,3,1502,1,149000,1,1931
2,3,1660,1,188700,1,1934
2,4,1938,1,198000,1,1937
1,3,1374,0,110000,1,1938
1,2,1091,1,104000,1,1951
2,4,1873,2,257076,2,1935
4,4,3447,2,381000,3,1935
2,3,1954,2,311500,2,1939
3,3,2161,2,263400,2,1950
3,3,1898,2,236500,2,1956
1,3,1640,1,224000,2,1954
1,2,1032,1,116500,2,1980
3,3,1556,1,151000,2,1980
1,2,919,0,126000,1,1926
1,3,1090,0,120000,1,1940
1,2,796,0,55000,0,1922
1,2,816,0,120500,1,1930
1,2,778,1,120500,1,1940
1,4,1200,0,119000,0,1930
2,3,1656,1,126000,1,1967
1,2,912,0,99500,1,1930
2,4,1955,0,165500,1,1958
1,2,733,0,13100,2,1952
1,2,1361,0,89000,1,1895
1,3,1317,0,40000,1,1920
1,2,1049,0,80900,1,1910
1,2,894,0,81000,3,1935
2,3,864,0,65000,1,1920
2,2,1652,1,392500,2,2008
2,2,1648,1,294464,2,2007
2,2,1646,1,250000,2,2004
2,2,1646,1,275000,2,2004
3,3,2032,0,300000,3,1996
2,3,1689,2,271000,3,2002
3,3,1820,1,213000,3,1996
1,3,1118,1,171000,1,1977
2,3,1279,2,171500,2,1977
4,4,1872,0,100000,2,1976
2,3,1689,1,228500,2,1991
2,3,1786,2,228950,2,1965
2,2,1501,1,241500,2,1986
2,2,2898,1,287000,2,1976
2,3,1537,0,294000,3,2006
2,3,1646,1,293077,3,2007
3,3,1780,1,264966,2,2007
3,3,1442,0,172500,2,2006
3,3,1394,0,167500,2,2006
3,3,1612,0,218689,3,2008
2,3,1495,1,150000,2,1989
2,3,1651,1,184000,2,1986
2,3,1256,1,180000,2,1986
2,3,1509,1,175000,2,1988
2,3,1440,1,232500,2,2003
2,3,1675,0,195000,2,1999
3,4,2262,2,305000,3,2003
2,3,1728,1,298751,2,2007
3,3,1964,1,370000,3,2005
2,2,1344,0,209200,4,1997
2,2,1344,0,206300,4,1997
1,2,1092,0,146000,0,2007
2,2,1189,0,160500,2,1997
1,3,1200,0,173000,3,1964
1,3,1040,0,124000,2,1975
2,3,1304,1,115000,1,1976
2,4,1475,1,129500,1,1976
1,2,988,0,105000,1,1973
1,1,988,1,94900,1,1973
1,3,1160,0,152500,1,1968
3,3,1092,0,98000,0,1970
1,1,630,0,81000,0,1972
1,2,988,0,113000,2,1954
1,2,816,0,128500,1,1983
1,3,923,0,119500,1,1984
1,3,816,1,130500,1,1982
1,2,816,0,138000,2,1982
1,3,845,0,134500,1,1982
2,4,1750,0,160000,1,1940
1,3,889,0,137500,2,1984
3,4,1968,1,172000,2,1969
2,4,1836,0,103000,1,1900
2,3,1587,1,167300,2,1971
1,2,1277,1,167000,2,1970
2,3,2223,2,244000,2,1973
2,4,2217,1,268000,2,1970
3,3,1733,1,225000,2,2003
3,3,1572,1,168000,2,1995
2,3,1470,0,177000,2,1997
3,3,1600,1,169000,2,1997
3,3,1384,1,161500,2,1997
2,2,1652,0,251000,2,2000
3,3,1694,1,160000,2,1994
3,3,1714,1,180000,2,1999
3,3,1553,0,178750,2,1996
2,3,1253,1,176000,2,1995
4,5,2299,1,204000,2,1999
2,3,1187,0,160000,2,1992
3,3,1472,1,160000,2,1991
3,3,1482,1,163900,2,1992
3,3,1642,1,168000,2,1993
1,3,1128,1,154204,2,1964
2,2,1088,0,170000,2,1986
2,3,2090,1,207500,2,1984
2,2,1179,0,182000,2,1988
1,1,1321,1,212000,2,1990
2,3,1922,1,377426,3,2005
4,4,2541,1,349265,3,2005
3,4,2338,2,591587,3,2006
2,3,1424,0,155000,3,1969
2,2,1612,1,319900,2,2006
2,2,1419,1,392000,2,2007
2,1,2234,1,441929,2,2006
2,3,2042,1,455000,3,2006
2,3,1440,1,182900,2,1981
2,3,1284,0,174000,2,1984
4,3,1868,1,178000,2,1984
3,3,1479,1,176000,2,1981
2,3,1664,1,213000,2,1978
3,4,1930,1,192000,2,1979
3,3,1969,1,190000,2,1977
3,4,2030,1,195000,2,1976
2,3,1032,1,148000,2,1978
2,3,1177,0,151500,2,1984
3,3,1725,1,197000,2,1979
2,2,1353,1,192350,2,1979
3,4,1620,0,152000,2,1969
2,2,1220,1,170000,2,1971
2,3,1484,1,175000,2,1971
3,3,1743,1,175000,2,1968
3,3,1935,1,197900,2,1976
2,3,1324,1,174000,2,1976
3,4,1877,1,178900,2,1974
1,3,1109,0,139000,1,1971
2,3,981,0,143250,2,1971
2,4,1479,0,184000,2,1972
1,3,1422,0,155000,2,1970
1,3,914,0,133000,1,1970
1,3,950,0,119500,1,1971
1,3,872,0,123000,4,1971
1,2,858,0,110000,1,1971
1,2,914,0,128000,1,1961
1,3,864,0,120500,2,1971
1,1,767,0,133000,1,1998
2,2,1337,1,155000,2,2001
2,2,1337,1,177000,2,1997
2,3,1092,0,113500,1,1973
2,3,1218,0,113000,1,1973
2,4,1218,0,113700,1,1973
3,3,1302,0,106000,2,1970
2,2,1365,0,122500,2,1971
2,2,958,1,128000,2,1976
3,3,1548,1,155000,2,1976
2,2,1055,0,142500,1,1978
1,3,988,0,129250,1,1966
2,3,1816,1,356000,3,2006
2,3,1828,1,314813,3,2007
2,3,1694,0,318000,3,2007
2,3,1694,1,322400,3,2006
2,3,1734,1,318000,3,2007
3,2,2122,1,345474,3,2007
3,3,2121,1,415298,3,2006
3,3,2656,1,492000,3,2007
3,4,2550,1,338931,3,2006
3,2,2046,2,450000,3,2005
3,3,2172,1,280000,3,2006
2,3,2552,2,479069,3,2007
2,3,1973,1,395000,3,2006
3,3,2643,1,380000,3,2006
2,3,1634,1,250000,3,2006
2,2,1976,1,440000,3,2006
3,4,2758,1,418000,3,2005
3,2,2290,1,500067,3,2007
3,3,2152,1,260116,2,2007
3,4,2473,1,317000,3,2004
3,3,2100,2,319500,3,2007
2,3,2161,1,325624,3,2007
3,3,1802,1,372000,3,2006
3,5,2956,1,342000,3,2004
3,4,2468,1,354000,3,2004
3,3,2385,1,350000,3,2003
3,4,2374,1,285000,3,2003
3,3,1818,1,281500,3,2007
2,3,1614,0,245700,3,2005
2,3,1721,0,232698,2,2005
3,3,1828,0,250000,3,2006
2,2,1362,1,194700,2,2005
2,1,1302,1,204000,2,2005
2,1,1302,1,200000,2,2005
2,2,1362,1,207000,2,2005
2,2,1554,1,209500,2,2006
2,2,1554,1,209500,2,2006
2,2,1370,1,202500,2,2006
2,2,1577,1,280000,2,2005
2,2,1561,1,277500,2,2005
2,2,1869,1,318061,2,2007
2,2,1324,1,221370,2,2006
2,2,1405,1,200000,2,2003
3,3,1496,0,181755,2,2007
3,3,1536,1,176000,2,2005
3,3,1484,1,178900,2,2005
2,3,1458,0,168165,2,2006
3,3,1495,1,171925,2,2006
3,3,1746,1,198444,3,2006
2,3,1326,0,203000,2,2005
3,3,1456,1,179540,2,2007
2,3,1302,0,176485,2,2007
2,3,1340,0,181134,2,2007
3,3,1412,1,156932,2,2006
3,3,1504,0,166000,2,2007
3,3,1456,0,177594,2,2007
2,3,1258,0,173500,2,2007
2,2,1258,1,172500,3,2006
2,2,1402,1,194201,3,2006
2,2,1589,1,226500,3,2003
2,2,1266,1,185485,2,2007
2,3,1530,1,259000,3,2004
2,2,1119,0,188500,2,2004
3,3,1374,1,175000,2,2004
3,4,1959,1,215000,2,2004
3,3,1525,1,206580,2,2006
3,3,1720,1,183500,2,2004
3,3,1394,1,165500,2,2003
3,4,1948,1,211000,2,2003
3,3,1690,1,181000,2,2000
3,4,1995,1,219500,2,2002
3,3,1647,1,175000,2,1999
3,3,1430,1,170000,2,2000
3,3,1320,0,162000,2,2003
3,3,1690,1,187000,2,2000
3,3,1644,1,185000,2,1999
4,4,4476,2,745000,3,1996
3,4,2551,2,384500,3,1997
3,4,2285,1,248000,3,2000
3,2,2633,2,466500,3,2001
3,4,3078,1,410000,3,1998
3,4,2582,1,322500,3,1998
3,4,2385,1,252000,3,1998
4,4,4316,2,755000,3,1994
3,3,2013,1,269790,2,1996
3,3,2398,1,315750,3,1996
3,4,2520,1,290000,3,1995
3,4,2531,1,290000,3,1995
3,4,3228,1,430000,2,1992
3,4,2202,1,263000,2,1992
3,4,2538,1,330000,3,1996
2,3,1369,0,213133,2,2007
2,3,1542,1,260261,3,2007
2,3,1905,1,320000,3,2006
2,3,1464,0,282922,3,2007
2,3,1534,1,215000,2,2006
2,1,1966,1,419005,3,2007
2,3,1636,1,255000,3,2006
2,2,1795,1,147000,3,2006
5,3,1528,1,235876,2,2007
2,3,1726,1,311872,3,2007
2,3,1689,0,248328,3,2007
2,3,1588,1,227000,3,2006
2,3,1538,0,260000,2,2005
2,3,1496,0,225000,2,2007
2,3,1506,1,249000,2,2005
2,3,1694,1,307000,2,2004
3,3,1977,0,250000,3,2006
3,3,1830,0,221300,3,2006
2,3,1338,0,208900,2,2007
2,3,1335,0,210400,2,2006
3,3,1792,0,255000,2,2007
3,3,1588,0,212109,2,2007
3,3,1959,1,270000,3,2006
3,4,2610,1,303477,2,2007
3,3,1880,1,310013,3,2007
2,3,1656,0,249700,3,2006
3,3,1761,0,227875,2,2007
2,2,1584,1,261329,2,2007
2,2,1685,1,253000,3,2006
3,4,2443,1,265000,3,2004
3,4,2466,1,340000,2,2004
2,3,1100,0,146000,0,2006
2,3,1143,0,147000,0,2006
1,3,1094,0,149000,2,2003
2,3,1486,0,181000,2,2006
3,3,1721,0,201000,2,1994
3,3,1820,0,191750,2,1993
2,3,1349,0,179000,2,2000
2,3,1494,1,215000,2,1998
2,2,1575,0,179200,2,1992
2,2,1266,2,128000,1,1980
1,2,884,0,144000,2,1983
2,4,2020,2,144000,2,1977
1,2,894,0,120750,1,1977
1,2,970,0,132500,2,1963
1,3,1057,0,132000,2,1962
1,3,999,0,132500,1,1962
2,3,1120,0,129000,2,1961
2,3,1696,1,143900,1,1962
2,3,1040,0,145000,2,1968
1,3,988,0,128500,2,1961
1,3,902,0,125500,1,1967
3,3,2503,1,300000,2,1990
3,3,2167,2,294000,2,1974
1,2,1037,0,129000,2,1974
2,3,1701,2,171000,2,1975
1,2,1055,1,147000,2,1973
3,4,2810,1,302000,2,1990
3,4,2872,1,285000,2,1992
2,2,1378,1,214000,2,2004
2,2,1151,0,166000,2,2006
2,2,1565,0,193800,2,2006
2,2,1352,1,208900,2,2006
2,2,1352,1,194000,2,2006
3,2,1550,0,207500,2,2006
2,1,1241,0,199900,2,2006
3,2,1250,0,164700,2,2006
3,3,1501,1,176500,2,1999
3,2,1458,1,176000,2,1999
3,2,1512,1,168500,2,2000
3,3,1573,0,177000,2,2000
3,3,1525,1,177000,2,2000
3,2,1102,0,148800,2,2004
3,2,1441,0,174000,2,1999
3,3,1950,1,239000,2,1997
2,3,1358,0,204000,2,1999
3,3,2048,2,301000,2,2003
3,3,2362,2,312500,2,1998
2,1,1494,1,279700,2,1994
3,3,2362,1,255000,2,1980
2,2,1432,1,194000,2,1978
2,3,1437,1,218000,2,1976
1,1,1295,2,213750,2,1978
3,3,1855,1,187000,2,1976
2,3,1262,1,181500,2,1976
2,2,2497,2,373000,2,1981
4,4,2620,1,190000,2,1977
3,3,1929,1,226000,2,2001
2,3,1152,0,143450,2,1968
3,4,2411,1,240050,2,1970
1,3,1082,0,162500,2,1969
2,3,1295,0,164000,2,1968
2,3,1610,1,185000,2,1972
2,2,1594,1,188500,2,1993
3,3,2075,1,255000,2,1993
2,4,1680,0,136905,2,1976
2,3,1093,1,158500,2,1966
2,3,1242,1,175500,2,1973
1,3,1052,0,127000,1,1963
1,3,1107,0,127000,1,1967
2,3,1214,1,143000,1,1967
2,3,1073,0,156000,2,1965
1,2,1344,1,144000,1,1958
2,6,1728,0,119000,1,1964
2,2,1224,0,103000,3,1964
1,3,1422,1,139900,1,1960
1,2,958,0,151500,1,1960
2,3,1065,0,126500,2,1960
1,3,1138,0,145000,1,1958
1,2,912,0,120000,1,1958
1,2,1074,1,124000,2,1956
1,3,882,0,106500,1,1959
1,2,1187,1,140500,2,1961
1,3,964,1,137500,2,1961
1,3,894,0,117600,1,1960
2,3,1200,1,163500,2,1966
2,3,1042,0,161000,2,1965
2,3,1302,0,158000,1,1964
3,5,2154,1,224500,2,1964
1,3,1374,1,147000,1,1964
2,3,1652,1,200000,2,1959
1,3,1429,2,181900,2,1960
1,3,1327,0,150750,2,1959
2,2,1224,0,101800,2,1962
1,2,932,1,124000,1,1950
1,2,908,0,138500,2,1940
1,1,334,0,39300,0,1946
1,2,666,0,64500,0,1946
1,2,670,0,64000,0,1945
1,2,808,0,112000,1,1958
2,4,1977,1,165000,2,1964
1,2,1150,0,144000,1,1955
2,4,1920,0,137000,2,1948
1,3,1376,1,105000,1,1941
2,3,1644,2,146500,1,1942
2,4,1560,0,126000,3,1968
2,3,1280,1,175000,2,1966
1,3,1254,1,158500,2,1961
1,2,912,0,114500,1,1958
2,3,1524,0,144000,1,1958
3,3,2380,1,129000,2,1965
1,2,936,0,141000,1,1957
1,3,1008,0,131000,1,1956
1,3,1053,0,142100,2,1963
1,3,1056,0,139000,1,1958
2,4,1442,0,157900,1,1958
1,3,1056,0,139400,1,1954
2,3,1244,2,150000,1,1957
1,3,1144,1,120000,1,1960
1,4,1721,3,174850,2,1957
1,2,922,0,116000,1,1957
1,3,1048,0,135000,1,1956
2,3,1657,1,163500,2,1970
1,3,1411,1,130000,1,1955
1,3,1216,0,129500,1,1955
2,3,1154,0,142000,1,1953
2,4,1560,0,128600,2,1958
1,2,948,0,125000,2,1952
1,3,1040,0,136000,1,1953
1,2,1008,0,134500,1,1953
1,3,925,0,127000,1,1956
1,3,1360,1,130000,2,1955
1,4,1540,0,115000,1,1955
1,3,925,2,116900,1,1955
1,2,928,0,132000,1,1956
1,3,1647,1,153000,1,1953
1,2,924,0,112500,1,1952
2,3,1544,0,138000,0,1890
1,2,893,0,135000,2,1949
1,3,1728,1,156000,1,1953
4,4,3086,0,301600,3,1935
1,2,1034,0,109000,1,1940
1,1,882,0,103200,0,1956
2,1,1281,0,128500,2,1925
2,4,968,0,64500,1,1927
2,3,1534,0,148000,0,1895
1,2,691,0,86000,1,1920
2,4,1651,2,172000,1,1963
1,3,888,0,120000,1,1961
1,3,952,0,128500,1,1968
3,5,2080,2,135000,2,1969
1,3,924,1,122900,2,1949
1,2,1082,1,119200,1,1948
2,3,1846,1,143000,1,1949
1,3,988,0,119000,1,1950
2,3,1238,1,102000,1,1950
1,3,864,0,129000,2,1950
1,2,1134,0,135000,1,1960
1,3,1040,0,152000,1,1959
1,3,1170,1,140000,1,1958
2,3,1242,0,152000,1,1960
1,3,1377,2,156500,1,1960
2,6,1800,0,141000,0,1961
1,3,925,0,99000,1,1961
3,3,1851,1,187000,2,1964
2,4,1812,1,169500,1,1962
1,2,864,0,125500,1,1962
1,3,936,1,130000,1,1962
1,2,960,0,103000,2,1926
2,2,1432,0,132000,2,1910
1,3,1296,0,127500,2,1927
1,2,1022,1,89500,1,1922
1,2,936,0,140000,2,1980
1,2,967,1,99900,1,1920
1,2,1047,0,100000,1,1885
1,2,1072,2,130000,2,1940
1,2,1174,1,135000,2,1900
2,2,1183,0,120000,1,1948
1,2,1131,0,89471,2,1937
1,3,1141,0,85000,1,1900
1,2,960,0,108500,1,1920
3,4,1798,0,137000,2,1900
1,2,866,0,110500,0,1945
1,2,968,0,100000,2,1923
3,3,1772,0,184900,2,1910
2,4,1642,1,145000,1,1927
1,3,1472,0,125000,1,1925
1,3,1232,0,114000,2,1910
2,5,2337,0,90000,2,1900
2,3,1650,0,144100,2,1910
2,5,2210,0,117500,1,1880
2,3,1358,1,124500,1,1930
2,3,2454,1,185000,2,1879
2,4,2291,1,133900,2,1910
2,3,1616,0,152000,1,1926
1,2,1559,0,153500,2,1948
2,3,2554,0,159500,2,1890
1,2,1248,0,87000,1,1930
1,2,968,0,104500,1,1956
2,1,1382,1,110000,1,1949
1,1,1060,1,136500,1,1925
1,3,1435,0,128250,1,1950
1,3,1167,1,144000,2,1920
2,3,1635,1,210000,2,1923
2,3,1274,0,135000,1,1939
2,3,1232,2,128000,1,1939
1,3,1218,1,131000,2,1941
1,2,884,0,113000,1,1939
2,3,1409,1,126000,2,1938
1,4,1322,0,132000,1,1939
1,3,1426,1,131750,1,1930
1,2,1281,0,132500,2,1926
2,4,1513,0,137500,1,1920
1,2,854,0,132000,2,1929
1,3,1367,1,127500,1,1931
1,2,986,1,102000,1,1926
3,4,2264,0,200000,1,1918
1,3,1824,1,180500,2,1919
1,3,1376,0,165000,2,1920
1,4,1316,0,90000,2,1926
1,3,1396,0,153575,1,1915
2,3,1344,1,140000,2,1929
2,5,2526,1,136000,1,1916
2,3,1173,0,113000,1,1901
1,2,1214,0,117000,1,1901
2,4,1818,2,169500,1,1931
1,3,1108,1,139400,1,1930
3,5,2294,1,202500,2,1963
2,3,1355,0,127000,0,1914
2,3,1375,1,141000,1,1937
2,4,1952,2,212300,1,1950
2,3,2180,1,161000,2,1915
2,3,1315,0,99500,2,1958
1,3,1111,0,101000,1,1920
1,2,1196,0,109900,2,1916
2,2,1382,0,128500,2,1941
2,4,1889,1,122000,1,1910
1,3,840,1,87000,0,1930
2,3,1484,0,50000,1,1910
2,3,2267,2,219000,2,1937
3,3,3086,1,200500,0,1946
2,3,1134,0,126000,1,1940
1,2,1282,0,108500,1,1942
1,3,999,0,130000,1,1963
1,2,1452,1,158450,2,1964
1,3,1005,0,115400,2,1964
1,3,1029,0,118500,1,1961
2,3,1020,1,165000,2,1964
1,3,1040,0,123000,1,1966
1,3,913,0,129000,1,1966
1,3,894,0,125000,1,1966
1,3,948,0,108000,1,1968
1,2,868,0,119900,2,1971
1,3,897,0,115000,1,1968
1,2,943,0,134500,2,1967
1,3,955,0,127000,1,1966
1,3,894,1,129000,2,1968
2,3,1285,1,143500,2,1977
1,3,912,0,129000,1,1966
1,3,1375,1,187000,1,1956
3,4,2654,1,158000,2,1920
2,3,1416,0,112000,2,1918
2,2,1302,2,165250,1,1940
1,3,1299,1,150000,2,1954
1,3,1176,2,137000,1,1958
1,3,998,0,89500,2,1945
2,2,1824,2,302000,2,1971
2,3,1522,1,182000,2,1984
3,4,2060,1,211000,2,1988
2,3,1325,1,216000,2,1948
2,3,1630,1,130000,2,1953
1,2,1242,0,109900,1,1946
3,4,2422,2,255000,2,1954
2,4,2158,1,243000,2,1950
2,3,1626,0,154000,1,1954
1,3,864,0,118000,1,1958
1,3,943,0,80000,1,1958
2,4,1440,0,150000,0,1977
1,2,605,0,86000,0,1920
2,2,1038,0,130000,1,1984
1,4,1342,0,125000,1,1951
1,4,1480,1,136500,1,1951
2,4,1362,0,96000,1,1920
1,3,1340,1,120000,1,1957
2,4,1822,1,228500,2,1984
2,3,1442,1,179900,2,1990
3,4,2243,1,225000,3,1990
3,4,2730,1,301000,2,1986
3,4,2127,1,238000,3,1991
3,3,1982,1,228500,2,1989
3,3,1958,1,220000,2,1994
3,4,2696,1,383970,3,2007
3,4,2828,1,424870,3,2006
2,3,1651,1,250000,3,2007
3,3,2140,0,360000,3,2006
2,3,1494,1,279500,3,2006
2,3,1316,1,200141,2,2007
2,3,1651,1,246500,3,2007
3,3,2574,1,276000,3,2007
2,3,1274,0,203000,2,2005
3,3,1456,1,155835,2,2006
2,2,1240,0,194000,3,2006
2,2,1208,0,195400,2,2007
2,3,1546,0,217000,3,2005
2,3,1500,1,212999,2,2006
2,2,1270,0,175900,2,2005
3,3,1795,0,191000,2,2005
2,3,1314,1,176432,2,2006
3,3,2062,1,277000,2,1988
3,3,1873,1,207000,2,1988
2,4,2144,2,277000,2,1958
3,3,1953,2,240000,2,1992
3,5,2087,0,187500,2,1966
1,0,1743,2,279000,2,1976
1,3,1022,0,139500,2,1994
1,3,990,0,126000,1,1994
2,3,1200,0,177500,2,1995
3,3,1308,0,175000,2,1997
3,3,1796,0,211000,2,1998
1,3,990,0,146000,1,1994
2,3,1097,0,147900,1,1996
1,3,990,0,123600,0,1994
3,3,1786,0,204750,2,1997
3,3,1873,1,235500,2,1999
3,3,1753,1,217000,2,1998
3,3,1690,0,190550,2,2001
3,3,1842,1,217500,2,2000
2,3,1479,0,226000,2,2003
3,3,1668,0,180000,2,2003
1,3,894,0,131000,2,1974
2,3,1025,1,153500,2,1976
2,3,1009,1,160000,2,1977
2,3,1040,0,134900,2,1977
1,3,907,0,130000,1,1977
1,3,879,0,120000,2,1975
1,3,882,0,112500,2,1972
2,3,969,0,122000,2,1975
1,3,864,0,127000,2,1972
1,3,875,0,117000,2,1972
2,3,2000,0,305900,3,2004
3,3,2169,1,228500,2,2002
2,3,1673,1,270000,2,2000
2,3,1459,1,192000,2,2002
3,3,1932,1,213000,2,2003
3,3,1729,0,200000,2,2002
3,4,2452,1,267000,2,1998
2,3,1592,1,228000,2,1994
3,4,2439,1,275000,2,2001
3,3,1992,2,211000,2,1996
2,3,1668,1,285000,3,2002
3,3,2090,1,240000,2,1995
1,1,848,0,131500,2,2003
2,1,1341,1,246900,2,1999
3,4,1928,1,219500,2,2003
2,3,1337,0,185000,2,2003
3,3,1476,0,179400,2,2007
3,3,1797,0,213500,2,2006
2,3,1422,0,179600,2,2004
2,2,1190,0,173500,2,2005
2,3,1330,1,167840,2,2006
3,3,1491,1,168675,2,2006
3,3,1536,0,167000,2,2005
1,2,1214,0,140000,2,1965
1,2,936,1,118500,1,1967
1,2,1088,0,110000,2,1963
1,3,960,0,94750,1,1965
1,3,1351,1,122000,2,1925
1,2,1179,0,110000,2,1960
1,3,816,0,118500,0,1990
1,3,1044,1,133500,2,1976
2,3,1113,1,148000,1,1976
3,5,2233,0,141000,2,1979
2,2,1125,0,155000,2,2006
2,2,1090,0,157000,2,2005
3,3,1408,0,171500,2,2005
3,2,5095,2,183850,3,2008
4,3,4676,1,184750,3,2007
1,2,1072,0,140000,2,2005
1,2,960,0,131750,1,1959
2,2,1152,0,61500,0,1955
1,3,948,0,111000,1,1954
2,4,1195,0,98500,0,1946
1,3,774,0,79000,0,1931
1,2,865,1,108500,1,1920
1,3,894,0,110000,2,1954
2,2,1346,0,112000,1,1910
1,2,768,1,125000,1,1955
1,3,864,0,79275,2,1955
1,3,948,1,119000,1,1954
2,8,3395,0,200000,0,1914
2,6,2592,0,150000,0,1923
2,3,1502,2,165000,1,1923
1,2,789,0,96500,1,1926
1,3,1422,0,136500,1,1926
2,2,1298,1,146500,1,1921
2,3,1768,2,175000,1,1937
1,2,1098,1,148500,1,1930
1,3,1436,1,141500,1,1921
2,3,1426,1,189950,1,1918
1,3,1461,1,135000,1,1926
2,4,1646,2,164000,1,1941
1,2,694,1,90350,1,1913
2,3,1250,1,139000,2,1910
1,2,954,1,119750,1,1938
2,4,1958,0,145000,2,1946
2,4,2002,0,145000,3,1949
3,4,1718,1,238000,2,1927
2,2,1226,1,153500,2,1951
3,4,2624,1,239000,3,1918
3,4,3194,2,359100,2,1934
2,4,1755,1,188000,1,1930
2,3,1991,1,220000,2,1932
2,3,1355,0,140000,2,1941
3,3,2727,2,315000,2,1932
3,3,2320,1,259500,1,1945
2,3,1839,2,257500,2,1957
2,3,1740,2,219500,1,1940
2,3,2259,2,217000,2,1953
2,3,1560,3,201000,2,1960
2,3,1488,2,215000,2,1968
1,2,1045,1,123900,2,1980
2,4,1680,0,170000,2,1995
1,1,1020,0,200000,2,1988
2,3,1696,2,198000,2,1971
3,4,2515,2,200624,2,1957
3,2,2726,1,315000,2,1986
2,3,1517,0,115000,0,1919
1,3,1215,0,141000,2,1940
1,2,803,0,87000,2,1941
2,3,1601,0,129850,0,1925
1,3,1123,0,100000,1,1939
2,3,1828,0,150909,0,1923
1,2,816,0,75200,1,1922
1,2,1012,1,118400,1,1920
1,2,1077,0,67000,1,1920
2,4,1558,0,152000,1,1950
1,1,845,0,68104,1,1939
2,4,1991,0,119600,0,1895
1,3,1073,0,140000,2,1957
1,2,1001,0,124900,1,1930
2,2,1625,1,375000,2,2006
2,2,1625,1,235000,2,2006
2,2,1299,1,183500,2,1979
1,2,912,1,156000,2,1978
2,3,1080,0,134000,2,1983
2,3,1392,1,215000,3,2002
2,1,1409,1,245000,2,2002
2,3,1478,1,210000,2,1991
1,3,918,0,148000,1,1975
1,2,1026,1,143000,2,1974
2,2,1501,2,244000,2,1987
2,1,1502,1,330000,1,1998
2,2,1328,2,170000,1,1959
3,4,2279,1,257000,2,1958
2,3,1689,0,231713,2,2006
2,2,1564,1,267300,2,2006
2,2,1484,1,265900,2,2006
2,3,1571,1,239000,3,2007
2,3,1646,1,248900,3,2006
2,3,1240,0,174000,2,1985
3,3,1717,1,187500,2,1990
3,3,1756,0,204000,2,1996
2,2,1312,0,180500,2,2001
2,3,1146,1,187500,2,2003
2,2,1922,1,282000,3,2002
2,3,1491,1,178000,2,1996
2,3,1629,1,270000,3,2002
4,5,2486,1,279900,2,2003
2,3,1572,2,186700,3,1963
2,3,1776,1,283463,3,2006
2,3,1824,1,392000,3,2006
3,4,2482,1,281213,3,2005
1,3,1120,0,147000,0,2007
1,2,2034,0,130000,4,1953
1,0,936,0,140000,2,1996
1,3,1040,0,132250,2,1963
2,4,1632,0,143000,2,1967
1,3,1622,1,168000,4,1961
1,3,1060,1,129900,2,1976
2,3,1142,1,134000,2,1976
2,3,1092,0,85500,1,1972
1,2,992,0,106500,1,1970
2,3,1092,0,93900,0,1970
2,3,1092,0,75000,1,1970
1,1,630,0,84500,0,1970
2,3,1092,0,75190,1,1976
1,3,1062,2,146800,2,1976
1,1,1008,1,153500,2,1977
2,3,1356,1,188000,2,1977
2,3,1676,2,196000,2,1977
2,3,1432,1,157000,2,1977
1,2,796,0,138000,0,1971
1,2,768,0,129500,2,1970
1,3,1608,0,80000,1,1961
1,2,845,0,129500,2,1982
2,3,1178,0,135000,2,1976
1,2,816,0,124500,1,1982
1,2,816,0,139000,1,1983
1,3,974,0,93500,0,1991
1,3,887,0,124500,1,1984
2,2,1293,0,149900,2,1954
1,2,1024,2,157500,1,1956
2,3,1797,1,169000,3,1957
2,1,1390,2,252000,2,1957
2,3,1851,1,192100,2,1969
3,3,1525,1,183500,2,1997
3,4,2236,1,222000,2,1997
3,3,1671,1,170000,2,1995
3,3,1498,1,187500,2,1995
3,3,1776,1,202000,2,1996
3,3,1511,1,185000,2,1997
3,4,2462,1,320000,2,2005
2,3,1670,1,240000,3,2006
3,4,2064,1,250000,2,2005
3,3,1801,1,239900,3,2005
3,3,2212,1,309000,3,2005
3,3,2021,1,274725,2,2006
3,4,2687,0,270000,2,1994
2,3,1169,1,183500,2,1993
3,3,1501,1,165600,2,1993
3,3,1632,1,176500,2,1998
2,2,1204,0,130000,2,1987
2,2,1767,1,239000,2,1987
2,2,1742,1,275000,2,1985
4,3,2798,1,457347,3,2005
4,5,3390,1,545224,3,2006
3,4,2473,1,356383,3,2006
4,4,2868,1,556581,3,2005
3,4,2576,1,361919,3,2006
3,4,2698,1,535000,3,2006
4,4,2795,1,401179,3,2005
4,3,2945,1,438780,3,2006
2,2,2320,1,169000,2,1948
1,3,1056,0,145000,2,1955
2,2,1714,1,318000,2,2005
2,3,1826,1,319000,3,2005
3,3,2000,2,470000,3,2005
2,3,1621,0,202500,2,1984
3,4,2183,0,229000,3,1988
3,3,2263,1,235000,2,1977
3,3,1574,1,190000,2,1976
1,2,1102,1,169000,2,1980
2,3,1872,1,241500,2,1988
3,4,1857,1,188900,2,1978
2,3,1686,1,207500,2,1980
4,5,2784,2,250000,2,1978
3,3,1552,1,179900,2,1975
1,2,1083,1,172000,2,1976
3,3,2318,1,294323,2,2005
3,3,1875,1,184500,2,1975
2,3,1074,0,153500,2,1975
3,4,1664,1,162900,2,1976
2,3,1309,1,181000,2,1974
2,3,1103,0,155000,2,1974
1,3,1096,0,138800,1,1969
1,3,864,0,116050,1,1970
1,3,858,0,88000,0,1971
1,3,874,0,97500,2,1971
2,2,1419,0,190000,2,2002
2,3,1092,0,105500,2,1973
2,3,1365,1,125500,2,1973
2,2,987,0,83000,1,1973
2,3,1030,0,116000,1,1972
2,3,1218,0,91500,0,1971
2,3,1218,0,118000,1,1972
2,2,948,0,89000,1,1972
2,3,1092,0,108000,1,1972
2,2,987,1,94500,1,1972
2,2,1069,1,146300,2,1975
1,3,1387,1,145000,1,1967
1,3,900,1,123000,1,1967
2,2,1055,0,137500,1,1976
3,3,1456,1,144000,2,1976
2,3,1980,1,315000,3,2004
3,4,2589,1,412083,3,2006
4,4,2596,0,342643,3,2006
2,2,1618,1,252000,3,2004
3,2,2076,1,465000,3,2006
2,4,1740,0,293000,3,2006
2,2,1868,1,415000,3,2005
2,3,1850,1,326000,3,2004
4,4,2376,1,325300,3,2005
4,4,2452,1,309000,3,2004
3,4,2206,1,300000,3,2005
3,3,2098,1,275500,3,2005
3,3,2091,1,338500,2,2005
3,4,2324,2,345000,3,2005
3,3,2253,1,344133,2,2005
3,4,2389,1,298236,3,2006
3,4,2358,1,329900,3,2005
2,3,1944,3,360000,3,2003
3,3,1970,1,281000,3,2006
2,2,1792,1,372397,3,2005
2,2,1780,1,378000,3,2004
2,2,1792,1,374000,3,2003
3,4,2728,2,437154,3,2005
3,3,1904,1,275000,2,2005
3,3,1914,1,279000,3,2004
2,2,1364,1,185850,2,2005
2,2,1565,1,282500,2,2005
2,2,1368,1,202500,2,2005
2,2,1368,1,202665,2,2005
2,1,1686,1,332200,3,2006
2,2,1666,1,310090,2,2006
2,2,1405,1,171750,2,2003
2,3,1316,1,169990,2,2005
3,3,1456,1,170440,2,2005
3,3,1492,0,169985,2,2006
3,3,1496,1,179665,2,2006
3,4,1863,1,219210,3,2006
2,3,1326,0,174190,2,2006
3,3,1456,0,172785,2,2006
3,4,2373,1,258000,3,2004
3,3,1492,0,185101,2,2006
2,2,1364,1,210250,2,2006
2,2,1557,1,234000,2,2003
2,2,1456,1,215000,2,2003
2,2,1511,1,246990,2,2002
2,2,1414,1,178740,2,2004
2,2,1548,1,225000,2,2004
2,2,1248,0,167240,2,2005
2,2,1142,0,156820,2,2005
2,2,1506,1,213490,2,2005
2,1,1567,1,264561,3,2006
2,2,1500,1,246578,3,2006
3,4,1838,1,192140,2,2005
3,3,1509,1,183200,2,2002
3,3,1414,1,178000,2,2004
3,3,1598,1,201490,2,2004
3,3,1936,1,230500,2,2000
3,3,1509,1,180000,2,2003
3,3,1664,1,172400,2,2000
3,3,1889,1,215000,2,2000
3,4,1886,1,199900,2,1998
3,3,1671,1,173000,2,2000
4,4,2322,0,287602,3,2006
3,4,2291,1,230000,2,1999
3,3,2392,1,348000,3,1997
3,3,1976,1,286000,3,1998
3,3,2234,1,300000,3,2000
4,4,3627,1,625000,3,1995
3,4,2855,1,405000,3,2000
3,3,1924,1,280000,2,1998
3,4,2263,1,258000,2,1998
3,4,2726,1,350000,3,1995
4,4,3500,1,584500,3,1993
3,4,2494,1,321000,3,1994
3,4,2526,1,290000,3,1994
3,3,2799,1,315000,3,1993
3,3,1964,1,252000,2,2005
3,2,1670,1,336820,3,2006
2,1,2097,1,423000,3,2005
2,3,1660,1,290000,2,2006
2,3,1616,0,232000,3,2005
2,3,1504,0,199000,2,2006
2,2,1278,0,198600,2,2006
4,3,2640,1,405749,3,2006
2,3,1489,1,232600,2,2006
3,3,1939,1,266000,3,2006
3,3,1553,0,186500,2,2005
3,3,1716,0,200825,2,2005
3,3,1576,0,197000,2,2006
2,2,1262,0,185000,2,2006
2,3,1266,1,176000,2,2005
2,2,1301,1,187750,2,2006
2,3,1142,0,139500,0,2005
2,3,1400,0,186800,2,2005
2,3,1131,0,132000,0,2005
2,3,1141,0,142500,2,2005
2,3,1158,0,158000,2,2004
3,3,1686,0,184000,2,2005
3,3,1585,0,184900,2,2005
3,3,1837,0,187000,2,1997
3,3,1603,0,175900,2,1992
3,3,1731,0,248500,2,1992
2,2,1398,0,172000,2,1990
2,2,1217,0,151000,2,1991
3,3,1320,0,150000,2,1994
1,2,1056,0,107000,1,1966
1,3,965,0,119900,1,1965
1,3,988,0,129500,2,1962
2,6,1728,0,125000,2,1963
2,4,1654,0,119500,2,1977
1,2,1211,1,144000,2,1962
1,3,1212,1,151000,2,1977
1,3,984,0,126000,1,1965
1,3,909,0,116000,1,1968
1,2,925,0,133500,2,1963
2,3,1024,0,120875,1,1965
1,3,935,0,137000,1,1965
1,3,912,0,124000,0,1964
1,3,1236,1,135000,1,1961
1,3,941,1,129200,1,1967
2,3,2646,4,260000,2,1974
3,4,2417,1,260000,2,1991
3,3,2826,3,334000,3,1992
3,5,2520,1,310000,3,1993
3,4,2295,1,268000,2,1992
2,2,1624,1,262000,3,1994
2,1,1143,1,176400,2,2004
2,1,1247,1,197000,2,2005
3,2,1200,0,151000,2,2005
3,2,1223,0,147400,2,2005
3,2,1223,0,149900,2,2005
3,2,1200,0,144152,2,2005
3,2,1524,0,166000,2,2000
3,3,1452,0,183900,2,1999
3,3,1382,0,165000,2,2000
3,2,1080,0,139000,2,2003
3,3,1694,1,200000,1,1997
2,3,1568,1,221000,2,2001
2,2,1494,1,270000,2,1995
2,3,1208,1,165000,2,1977
1,1,1235,3,214000,2,1980
1,1,1036,1,188000,2,1980
1,1,1226,1,190000,2,1980
1,1,1226,1,170000,2,1978
1,0,1842,1,385000,3,1981
2,2,1193,0,146500,2,1972
3,4,1920,1,170000,2,1968
2,3,2156,1,262500,2,1968
3,3,1416,1,179900,2,1968
3,4,2654,1,250000,2,1968
3,4,1790,1,165150,2,1972
2,3,1334,0,164500,2,1967
2,3,1164,0,140000,2,1969
2,3,980,0,135500,1,1967
1,3,1051,0,142000,2,1968
2,4,1770,0,155000,2,1968
1,2,976,1,157500,2,1968
2,3,1052,0,138500,1,1968
1,3,898,0,140000,1,1968
1,3,1051,0,124400,1,1966
1,3,1141,0,158000,1,1967
2,1,1200,0,146000,2,1965
3,4,1993,1,190000,2,1971
1,3,1050,0,136500,1,1961
1,3,864,0,129900,2,1958
2,4,1712,0,145000,2,1959
2,3,1565,2,185900,1,1965
1,3,1251,2,160000,1,1964
2,3,1488,1,167000,2,1964
2,4,1440,1,157500,2,1964
1,2,1095,0,140000,1,1958
2,3,1053,0,150000,2,1958
1,3,1248,0,151500,1,1960
1,2,816,1,129800,1,1934
1,2,1008,1,137000,1,1954
1,2,1043,1,137000,1,1947
2,3,1230,0,121600,1,1946
1,2,869,0,85500,0,1923
1,1,747,0,79900,2,1926
1,3,1252,0,127000,2,1908
1,3,1433,1,161000,2,1961
1,2,1624,1,146500,1,1952
1,3,1216,0,135000,1,1951
2,4,2136,0,137900,2,1951
1,3,1578,2,133000,1,1941
2,3,1728,1,137000,1,1949
1,2,936,0,121000,1,1954
2,4,1584,0,119000,2,1967
1,3,1246,2,172000,2,1964
1,2,1235,0,98600,2,1961
3,4,2157,2,226000,2,1966
1,2,1128,0,118000,1,1954
2,4,3112,1,235000,2,1918
1,2,1008,0,135000,2,1963
1,3,1190,0,132500,2,1962
1,3,1144,1,143000,1,1959
2,3,1364,1,132000,1,1957
2,3,1383,0,145250,1,1960
2,3,1336,1,162000,2,1958
1,3,1370,1,148000,1,1956
1,2,1092,1,141000,1,1957
1,3,1124,1,153000,1,1956
1,2,1236,1,134450,1,1957
1,2,943,2,135960,2,1979
1,3,1050,0,156000,1,1954
1,2,1375,1,140000,2,1954
1,2,1008,0,139500,1,1952
2,2,1575,1,155000,2,1951
1,3,1145,0,127000,2,1956
1,2,1005,1,133500,1,1956
2,3,1056,0,125000,1,1955
1,2,884,0,142000,1,1951
2,3,2039,3,167000,3,1941
1,2,1384,0,159000,2,1956
3,5,2640,1,180000,3,1925
2,3,1312,0,127000,2,1947
2,2,1310,0,112000,1,1924
1,2,713,0,99800,1,1930
1,2,833,0,117000,1,1954
1,2,1073,0,108480,1,1921
1,2,715,0,68000,2,1929
1,1,720,0,86900,1,1900
1,2,1130,1,120000,2,1920
2,3,1595,1,155500,2,1915
2,4,1760,1,80000,2,1910
1,3,1214,0,105000,3,1915
2,3,2414,1,160000,2,1900
2,3,1466,1,170000,2,1936
2,3,1324,1,160000,2,1965
1,3,1086,1,159950,2,1966
1,3,1146,1,165000,1,1963
2,3,1734,1,159000,2,1962
2,3,1207,0,147000,1,1962
1,2,912,0,115000,1,1964
1,3,1194,1,159500,2,1959
1,2,864,0,120000,1,1959
1,2,816,0,129900,1,1957
2,3,1773,2,183000,2,1961
2,2,1472,1,157500,2,1959
3,3,2448,2,277500,2,1962
1,2,1600,2,207500,1,1957
2,3,1521,0,147500,1,1950
2,4,1192,0,135000,0,1949
1,2,1040,0,109500,2,1950
1,2,1040,0,109900,2,1950
1,3,1040,0,133700,1,1959
2,2,1040,0,81400,2,1950
2,2,1040,0,87500,2,1949
2,2,1040,0,93500,2,1950
2,4,1556,0,119000,0,1960
1,3,1150,0,141000,1,1959
1,3,1150,0,146000,1,1961
2,3,1348,1,155000,2,1966
1,3,999,0,134500,1,1962
1,3,1045,0,120000,2,1962
1,3,864,0,105000,1,1962
1,3,1025,0,124000,0,1962
2,5,2014,0,169000,2,1900
1,3,1328,0,107000,1,1925
1,3,1668,0,135000,1,1948
1,4,1657,1,111500,1,1920
1,3,1416,0,156500,2,1900
2,3,1641,1,178000,2,1925
1,4,1428,0,139900,2,1900
1,2,1004,1,105000,1,1930
1,2,813,0,110000,1,1930
2,4,1951,0,111500,2,1900
1,2,1032,0,108000,1,1924
1,2,844,0,111500,1,1925
1,3,1750,0,124000,1,1880
1,2,864,0,105000,1,1950
1,2,1118,0,116000,2,1920
1,2,1376,0,96900,1,1905
1,3,960,0,135500,2,1955
2,5,1566,0,139000,2,1924
1,1,492,0,61500,1,1921
2,3,1182,0,120000,1,1945
1,3,1163,0,126175,1,1955
1,2,840,0,64000,1,1920
2,4,1928,0,137000,1,1910
2,4,1774,0,87000,3,1900
2,2,1768,2,163000,2,1914
2,5,2104,0,155000,2,1910
1,3,1440,0,79000,1,1900
1,3,1690,1,144000,1,1916
1,3,1368,0,114504,1,1910
2,4,1762,0,157000,2,1920
1,4,1200,0,125000,1,1923
3,4,3608,2,475000,3,1892
2,2,1248,0,93500,0,1920
1,3,960,0,125000,2,1958
1,2,1020,0,64500,0,1918
1,2,788,2,100000,0,1941
1,3,1577,1,140200,1,1939
1,2,1827,1,202500,1,1924
2,3,1664,2,159000,2,1947
1,3,1118,1,119900,2,1939
1,3,1176,1,114500,2,1934
1,3,1344,0,115000,1,1936
1,3,1162,0,75000,1,1930
1,3,1015,0,88000,1,1925
1,2,912,0,80500,0,1947
1,3,1576,1,149000,1,1928
1,3,1324,0,110000,1,1930
1,2,1103,1,110500,2,1925
1,2,616,0,89000,1,1921
1,2,1048,1,113000,1,1922
1,2,816,0,109000,1,1925
2,5,2486,1,220000,2,1962
1,3,960,0,129000,2,1970
1,2,1635,0,117000,1,1910
1,2,693,0,52500,0,1941
2,3,1430,0,107000,2,1924
1,3,1330,0,116500,1,1910
1,2,819,0,72000,0,1919
2,3,1376,1,119500,1,1937
2,2,1360,0,125500,1,1938
1,3,1077,1,91000,1,1922
1,2,754,0,84500,0,1935
1,3,984,0,90000,1,1930
1,3,1422,1,137500,1,1951
2,4,1921,0,150000,2,1964
1,3,1640,1,131000,2,1950
1,3,1352,0,130000,1,1958
1,2,1032,1,125000,1,1935
1,2,879,0,80000,1,1936
2,2,1073,0,157000,1,2004
2,3,1382,1,148000,2,1963
2,2,1296,0,90000,2,1967
1,3,1068,0,154500,1,1963
1,3,1064,1,153600,2,1967
1,3,1320,2,164500,2,1966
1,2,934,0,132000,1,1964
1,3,1059,0,142500,1,1966
2,3,1159,1,158000,1,1968
2,3,1400,1,149500,2,1978
2,3,1458,1,165000,2,1967
3,3,1721,1,180000,2,1968
1,3,1040,1,160500,2,1978
2,6,1967,0,156500,2,1977
2,6,1949,0,157000,2,1977
2,4,1920,1,172500,2,1958
2,3,1803,1,155000,2,1957
2,3,1779,1,170000,2,1955
1,2,872,1,105000,1,1924
0,0,960,0,145000,1,1965
2,3,1437,1,168000,2,1956
1,2,1830,2,278000,2,1967
1,1,1000,2,164000,2,1963
2,3,2287,1,225000,2,1953
1,2,810,0,130000,2,1971
1,3,894,1,142500,2,1974
3,2,1700,0,148400,1,1980
2,2,1453,1,190000,2,1986
2,3,1350,1,146000,2,1954
1,3,1150,2,128000,1,1942
3,3,2008,0,225000,1,1948
2,4,2201,1,274970,2,1966
2,4,2009,2,235000,3,1928
4,5,3672,2,415000,2,1935
2,3,1560,1,182000,2,1962
1,3,1488,1,135000,2,1952
1,3,1057,0,137000,1,1955
2,4,1855,0,136900,1,1954
2,5,1609,0,149900,1,1953
1,2,1148,0,123500,1,1952
1,3,1124,1,93000,0,1954
1,4,1456,1,91500,1,1948
2,3,1298,1,180000,2,1985
3,4,2559,1,209000,2,1989
3,3,1911,1,215000,2,1993
2,2,1440,0,224500,4,1993
3,3,1876,0,229800,3,2005
2,2,1208,0,183600,2,2005
2,2,1220,0,194000,2,2006
2,2,1294,1,193879,2,2006
2,3,1614,0,221500,3,2005
2,2,1498,0,204900,2,2006
3,3,1962,0,239799,3,2006
2,3,1846,1,233555,2,2006
2,3,1734,0,260000,2,2005
3,2,1590,0,294900,3,2005
3,3,1809,0,209700,2,2005
2,3,1614,1,225000,2,2005
3,3,1596,0,181000,2,2005
3,3,1915,1,220000,2,1992
2,4,1582,0,190000,2,1964
1,1,988,2,180000,2,1969
2,2,1533,2,280000,2,1975
2,3,1388,1,158900,2,1968
1,2,914,0,148000,2,1996
2,3,1100,0,145000,2,1996
3,3,1499,1,187000,2,1995
2,3,1425,0,193000,2,1998
1,3,990,0,156000,2,1995
2,3,1525,0,235000,2,2000
2,3,1494,0,217000,2,1997
2,3,1588,0,214000,2,1999
3,3,1749,0,196000,2,1999
3,3,1779,1,217000,2,1999
3,3,1861,0,200000,2,2002
3,3,1776,1,192500,2,2002
2,3,1541,1,205000,3,2001
1,3,954,0,132500,2,1976
2,3,1388,0,157500,1,1977
2,3,1282,0,174000,3,1978
2,3,971,1,128500,1,1969
1,3,864,0,128500,1,1972
1,3,894,0,149900,2,1972
1,3,864,0,119900,1,1972
3,3,1320,0,137000,2,1993
3,3,1989,1,255000,2,2002
3,3,1762,0,222000,2,2002
3,3,1755,1,214000,2,1999
2,1,1358,1,220000,2,2002
2,3,1787,1,275000,3,2001
3,4,1909,0,197000,2,2002
2,3,1654,0,230000,3,2002
3,3,2214,1,268500,3,1999
3,4,2049,1,210900,2,1996
3,3,1939,1,227000,3,1998
3,4,1995,1,237000,2,1995
3,3,2097,1,274300,2,1998
2,3,1836,1,216837,2,2004
1,1,848,0,133000,2,2003
1,1,848,1,155900,2,2004
3,3,1919,1,233230,2,2006
2,3,1390,0,207000,2,2003
3,4,1948,1,195000,2,2004
2,3,1700,0,200000,2,2003
3,3,1737,0,203160,2,2006
3,3,1611,0,195800,2,2005
2,3,1552,0,212900,3,2005
3,3,1720,0,196500,2,2004
2,3,1336,0,198000,2,2005
3,3,1500,0,173900,2,2005
3,3,1456,1,163990,2,2005
2,3,1310,1,164990,2,2005
2,3,1436,0,98000,2,1910
2,3,1466,2,149900,2,1959
1,2,1220,0,102000,2,1951
2,4,1012,0,127500,0,1975
2,4,980,0,127500,0,1975
1,2,1176,0,119900,1,1969
3,3,1724,1,196500,2,2003
1,2,914,0,117250,0,2002
3,3,2314,1,229000,2,2003
1,2,1072,0,145000,2,2005
2,2,1072,0,140000,2,2005
1,2,1072,0,142500,2,2005
2,3,1709,0,134000,2,2004
2,3,1709,0,130000,2,2004
2,3,1709,0,130000,2,2004
2,3,1709,0,137500,2,2004
2,3,1708,0,130000,2,2004
1,3,936,0,97900,1,1948
2,3,1338,0,92000,2,1915
2,4,1669,0,107000,1,1924
1,5,1184,0,81000,0,1910
1,4,1221,0,104900,1,1924
1,2,864,0,115000,2,1955
2,3,1482,1,125000,2,1954
2,3,1250,0,116000,1,1918
1,3,1414,1,83000,0,1922
1,5,2230,0,118500,1,1912
1,1,498,0,35000,1,1922
1,3,1273,0,121000,1,1910
2,5,1928,0,160000,0,1916
1,2,1595,2,140000,1,1940
2,3,1551,0,137000,1,1938
1,3,1340,0,128000,1,1945
1,3,1479,2,160000,1,1926
2,4,1784,0,138887,1,1914
1,3,1510,0,149000,1,1920
2,4,1522,0,102000,0,1926
2,4,1636,1,167000,1,1919
2,4,1802,1,200100,1,1920
2,3,1465,2,131000,1,1939
1,4,1288,0,112000,1,1941
1,3,1717,1,140000,3,1915
2,3,1550,1,195000,1,1920
1,3,1517,2,230000,2,1929
2,2,1717,1,194000,1,1940
1,2,1180,1,137500,1,1922
2,3,2057,1,250000,1,1936
2,4,1671,1,218000,2,1929
3,4,2345,1,239000,2,1932
2,3,1609,2,199500,3,1932
2,3,1801,1,210000,2,1930
1,2,1811,1,230000,2,1956
2,3,1647,1,217500,2,1977
2,4,2315,3,257000,1,1950
1,2,1336,2,157000,1,1953
2,3,1844,1,223000,2,1969
1,2,976,0,102000,1,1942
1,3,1285,0,145400,2,1926
1,2,672,0,72000,0,1925
1,2,641,0,85000,1,1925
1,2,951,0,106500,1,1936
2,4,1638,0,139000,1,1957
2,3,1336,0,108000,1,1920
1,2,729,0,51689,0,1945
0,1,480,0,35311,1,1949
2,4,1396,0,115000,0,1951
1,2,936,0,78000,0,1916
2,2,1778,1,375000,2,2005
2,2,1646,1,300000,2,2004
2,3,1625,1,242500,2,1979
2,4,1664,0,145000,2,1978
2,3,1491,0,209000,2,2001
1,2,1004,0,135000,2,1977
2,3,1210,0,148000,2,1975
3,5,1959,0,171000,3,1988
3,4,2519,2,335000,2,1989
2,2,1295,0,230000,1,1986
1,2,1650,2,250764,2,1958
3,2,1707,1,228000,2,1981
2,2,1137,1,176000,2,1987
2,2,1339,1,180000,2,1990
3,4,2514,0,250000,2,1990
2,2,1403,0,202000,2,2000
2,3,1800,1,312500,3,2002
2,3,1960,2,320000,3,2005
2,2,2028,2,369900,3,2005
2,3,1838,1,359900,3,2005
2,3,1600,0,81500,1,1951
2,2,1368,0,215000,4,1997
2,2,1216,0,164000,2,1998
2,2,1337,0,153500,2,1998
1,3,1140,0,84500,0,2006
2,3,1304,1,104500,1,1977
2,4,1475,1,127000,1,1977
3,5,2521,1,151400,2,1973
1,3,874,0,126500,1,1968
2,4,1652,0,146500,3,1970
1,1,630,0,73000,0,1970
2,3,1092,0,79400,1,1972
1,3,1360,1,140000,1,1969
1,1,630,0,92000,0,1970
2,3,1092,0,87550,1,1970
2,3,1092,0,79500,0,1970
2,3,1092,0,90500,0,1970
2,3,1092,0,71000,1,1970
2,4,1728,0,150900,2,1976
2,4,1728,0,188000,2,1976
2,3,1126,1,160000,2,1977
1,4,1224,1,131000,2,1960
1,3,1003,0,142500,2,1984
1,2,902,0,131000,2,1983
1,3,970,0,132000,0,1992
1,2,1389,1,170000,2,1974
3,3,2000,1,188000,3,1993
